Date,Open,High,Low,Close,Volume
2020-09-18 00:00:00+00:00,4.9638,8.764,4.66,6.8914,135791137.0
2020-09-19 00:00:00+00:00,6.8918,7.5227,5.2368,5.7311,106389752.0
2020-09-20 00:00:00+00:00,5.7321,6.09,4.6272,5.2313,90765939.0
2020-09-21 00:00:00+00:00,5.231,5.6758,4.07,4.2532,110039120.0
2020-09-22 00:00:00+00:00,4.2637,4.56,3.7029,3.9101,98557117.0
2020-09-23 00:00:00+00:00,3.912,5.3343,3.901,4.3829,141742645.0
2020-09-24 00:00:00+00:00,4.383,5.3,4.2517,5.1553,95798055.0
2020-09-25 00:00:00+00:00,5.1503,5.5608,4.73,4.9089,64952833.0
2020-09-26 00:00:00+00:00,4.909,4.999,4.6806,4.873,38207202.0
2020-09-27 00:00:00+00:00,4.8701,5.2183,4.6807,4.8502,31796723.0
2020-09-28 00:00:00+00:00,4.852,4.96,4.1758,4.256,32567949.0
2020-09-29 00:00:00+00:00,4.2544,4.4189,4.1229,4.3884,26454732.0
2020-09-30 00:00:00+00:00,4.3883,4.3885,3.9511,4.1604,23432442.0
2020-10-01 00:00:00+00:00,4.1628,4.5185,3.9225,4.2392,39670118.0
2020-10-02 00:00:00+00:00,4.2429,4.2429,3.5602,3.894,33521844.0
2020-10-03 00:00:00+00:00,3.8922,4.1217,3.831,3.9012,18960474.0
2020-10-04 00:00:00+00:00,3.9035,3.948,3.6054,3.7255,23181609.0
2020-10-05 00:00:00+00:00,3.7225,3.7958,3.18,3.3233,35146506.0
2020-10-06 00:00:00+00:00,3.3234,3.3424,2.6211,2.7109,63109461.0
2020-10-07 00:00:00+00:00,2.7093,2.995,2.456,2.9558,74719910.0
2020-10-08 00:00:00+00:00,2.958,3.4623,2.6352,3.3501,76651161.0
2020-10-09 00:00:00+00:00,3.3495,3.6013,3.175,3.3806,46834530.0
2020-10-10 00:00:00+00:00,3.3819,3.6607,3.2643,3.2959,33319109.0
2020-10-11 00:00:00+00:00,3.2956,3.4521,3.1813,3.3624,26061619.0
2020-10-12 00:00:00+00:00,3.3612,3.6016,3.281,3.4572,28191393.0
2020-10-13 00:00:00+00:00,3.4567,3.5013,3.293,3.354,17837574.0
2020-10-14 00:00:00+00:00,3.3536,3.4368,2.9706,3.109,29895556.0
2020-10-15 00:00:00+00:00,3.109,3.1669,2.9112,3.0771,28135432.0
2020-10-16 00:00:00+00:00,3.0764,3.3647,2.874,3.0404,40724194.0
2020-10-17 00:00:00+00:00,3.0414,3.119,2.9718,3.053,16255664.0
2020-10-18 00:00:00+00:00,3.0524,3.2834,3.0415,3.2732,15958642.0
2020-10-19 00:00:00+00:00,3.2713,3.28,3.11,3.1687,14705745.0
2020-10-20 00:00:00+00:00,3.1687,3.189,2.8117,2.8587,22572765.0
2020-10-21 00:00:00+00:00,2.8581,3.0936,2.8397,2.9385,25361712.0
2020-10-22 00:00:00+00:00,2.9381,3.1517,2.9201,3.0444,15270134.0
2020-10-23 00:00:00+00:00,3.0442,3.1259,2.9638,3.0184,14220095.0
2020-10-24 00:00:00+00:00,3.0183,3.0898,2.929,2.9447,10001147.0
2020-10-25 00:00:00+00:00,2.944,2.97,2.711,2.7769,13081956.0
2020-10-26 00:00:00+00:00,2.7757,2.88,2.52,2.7138,21905173.0
2020-10-27 00:00:00+00:00,2.7121,2.9156,2.7008,2.8097,20107012.0
2020-10-28 00:00:00+00:00,2.8097,2.8592,2.597,2.6631,16661196.0
2020-10-29 00:00:00+00:00,2.6629,2.7417,2.486,2.539,15691060.0
2020-10-30 00:00:00+00:00,2.5385,2.5655,2.231,2.4133,30396942.0
2020-10-31 00:00:00+00:00,2.4125,2.4125,2.2401,2.2658,14902671.0
2020-11-01 00:00:00+00:00,2.2652,2.4544,2.218,2.3788,16735725.0
2020-11-02 00:00:00+00:00,2.3791,2.4542,2.2223,2.2528,19202218.0
2020-11-03 00:00:00+00:00,2.2522,2.2812,2.054,2.137,23343211.0
2020-11-04 00:00:00+00:00,2.1356,2.1651,1.8739,1.9279,28858707.0
2020-11-05 00:00:00+00:00,1.9282,2.4213,1.7564,2.1902,81343041.0
2020-11-06 00:00:00+00:00,2.1894,2.689,2.1717,2.5706,75683379.0
2020-11-07 00:00:00+00:00,2.5706,3.035,2.4212,2.4773,75658724.0
2020-11-08 00:00:00+00:00,2.4765,2.9259,2.435,2.8675,32849585.0
2020-11-09 00:00:00+00:00,2.8658,2.8812,2.5723,2.6795,29488384.0
2020-11-10 00:00:00+00:00,2.6795,3.18,2.6268,3.0804,45785816.0
2020-11-11 00:00:00+00:00,3.08,3.2198,2.88,2.9321,33268364.0
2020-11-12 00:00:00+00:00,2.9311,3.1388,2.8328,2.9573,29454688.0
2020-11-13 00:00:00+00:00,2.9569,3.983,2.934,3.8462,61007642.0
2020-11-14 00:00:00+00:00,3.8447,3.966,3.51,3.8132,64663803.0
2020-11-15 00:00:00+00:00,3.8133,4.2381,3.6134,3.8482,57815801.0
2020-11-16 00:00:00+00:00,3.8489,3.9447,3.4501,3.5688,50460597.0
2020-11-17 00:00:00+00:00,3.5689,3.8914,3.4772,3.8191,50585921.0
2020-11-18 00:00:00+00:00,3.8187,3.861,3.2694,3.4632,41843276.0
2020-11-19 00:00:00+00:00,3.4632,3.8951,3.23,3.7466,47998474.0
2020-11-20 00:00:00+00:00,3.7463,4.1,3.6833,3.8611,47940349.0
2020-11-21 00:00:00+00:00,3.8607,3.949,3.59,3.8467,39021035.0
2020-11-22 00:00:00+00:00,3.8484,3.98,3.4051,3.6853,39893328.0
2020-11-23 00:00:00+00:00,3.6833,4.2532,3.6334,4.1945,46280359.0
2020-11-24 00:00:00+00:00,4.1938,4.5059,3.9445,4.0747,50668042.0
2020-11-25 00:00:00+00:00,4.0758,4.2142,3.5324,3.68,31032266.0
2020-11-26 00:00:00+00:00,3.679,3.7755,3.0968,3.4341,44630460.0
2020-11-27 00:00:00+00:00,3.4349,3.5399,3.162,3.3073,26431511.0
2020-11-28 00:00:00+00:00,3.3073,3.532,3.2556,3.4611,17959426.0
2020-11-29 00:00:00+00:00,3.4604,3.5736,3.3605,3.5519,15600709.0
2020-11-30 00:00:00+00:00,3.5529,3.816,3.5328,3.7792,19573843.0
2020-12-01 00:00:00+00:00,3.7784,3.993,3.4027,3.5502,27272994.0
2020-12-02 00:00:00+00:00,3.5484,4.1751,3.4974,3.9477,24334802.0
2020-12-03 00:00:00+00:00,3.9461,4.0273,3.8,3.8855,15801614.0
2020-12-04 00:00:00+00:00,3.884,3.925,3.5,3.5203,12625343.0
2020-12-05 00:00:00+00:00,3.5201,3.7,3.442,3.6836,10777771.0
2020-12-06 00:00:00+00:00,3.6829,3.7947,3.5109,3.6519,10293863.0
2020-12-07 00:00:00+00:00,3.6515,3.884,3.5652,3.761,15938460.0
2020-12-08 00:00:00+00:00,3.7612,3.7698,3.28,3.3013,17147736.0
2020-12-09 00:00:00+00:00,3.301,3.3955,3.1175,3.3524,13473824.0
2020-12-10 00:00:00+00:00,3.3522,3.3733,3.1911,3.242,8221638.0
2020-12-11 00:00:00+00:00,3.2428,3.2506,2.91,2.9616,14032377.0
2020-12-12 00:00:00+00:00,2.9633,3.1772,2.9607,3.1245,10624001.0
2020-12-13 00:00:00+00:00,3.1239,3.3644,3.0726,3.3406,9609388.0
2020-12-14 00:00:00+00:00,3.3405,3.5453,3.2386,3.4801,11355957.0
2020-12-15 00:00:00+00:00,3.48,3.5196,3.3108,3.3307,10956266.0
2020-12-16 00:00:00+00:00,3.3307,3.5489,3.2438,3.5407,14076280.0
2020-12-17 00:00:00+00:00,3.5407,4.0077,3.4354,3.697,32013622.0
2020-12-18 00:00:00+00:00,3.697,3.8642,3.551,3.7705,20150042.0
2020-12-19 00:00:00+00:00,3.7705,4.25,3.7083,3.965,32908180.0
2020-12-20 00:00:00+00:00,3.9652,4.0333,3.707,3.7667,18983331.0
2020-12-21 00:00:00+00:00,3.7659,3.9289,3.4233,3.5166,18099579.0
2020-12-22 00:00:00+00:00,3.5148,3.7797,3.2845,3.7363,18382675.0
2020-12-23 00:00:00+00:00,3.7356,3.7827,3.0074,3.3176,18921934.0
2020-12-24 00:00:00+00:00,3.3199,3.5299,3.1619,3.5256,15534991.0
2020-12-25 00:00:00+00:00,3.5267,3.656,3.3749,3.5062,13074180.0
2020-12-26 00:00:00+00:00,3.5071,3.607,3.3614,3.42,11125637.0
2020-12-27 00:00:00+00:00,3.4208,3.8116,3.3543,3.6035,19242073.0
2020-12-28 00:00:00+00:00,3.6033,3.9497,3.5723,3.7336,15106832.0
2020-12-29 00:00:00+00:00,3.7324,3.8489,3.5025,3.6756,14215500.0
2020-12-30 00:00:00+00:00,3.6758,4.3875,3.631,4.154,27158906.0
2020-12-31 00:00:00+00:00,4.1536,5.2965,3.9376,5.155,49755923.0
2021-01-01 00:00:00+00:00,5.1549,5.274,4.6101,4.7407,29105613.0
2021-01-02 00:00:00+00:00,4.7421,5.1893,4.4863,4.8617,35488699.0
2021-01-03 00:00:00+00:00,4.8622,5.66,4.6801,5.5249,36592873.0
2021-01-04 00:00:00+00:00,5.5274,6.2476,4.869,5.432,33980328.0
2021-01-05 00:00:00+00:00,5.428,6.574,5.2069,6.2595,25969840.0
2021-01-06 00:00:00+00:00,6.2623,6.6141,6.0177,6.4222,16608773.0
2021-01-07 00:00:00+00:00,6.4277,6.8467,6.0201,6.279,18124590.0
2021-01-08 00:00:00+00:00,6.28,6.3898,5.4696,5.8836,20084660.0
2021-01-09 00:00:00+00:00,5.8878,6.3781,5.6717,6.2393,14062984.0
2021-01-10 00:00:00+00:00,6.2393,6.5964,5.5538,5.99,16462464.0
2021-01-11 00:00:00+00:00,5.99,6.012,4.4,5.2402,24717068.0
2021-01-12 00:00:00+00:00,5.2437,5.8285,4.968,5.5912,15762738.0
2021-01-13 00:00:00+00:00,5.5947,6.3927,5.2674,6.3426,14560477.0
2021-01-14 00:00:00+00:00,6.3449,7.1419,6.1838,6.973,19411112.0
2021-01-15 00:00:00+00:00,6.9724,7.5063,6.4028,7.3762,24883843.0
2021-01-16 00:00:00+00:00,7.3778,9.439,7.2043,8.4052,23384978.0
2021-01-17 00:00:00+00:00,8.4102,9.2,8.0784,8.6869,18588603.0
2021-01-18 00:00:00+00:00,8.6943,9.8911,8.314,9.2063,17151328.0
2021-01-19 00:00:00+00:00,9.2103,9.7299,8.4857,8.5996,14292342.0
2021-01-20 00:00:00+00:00,8.5982,9.0585,7.6578,8.988,17747235.0
2021-01-21 00:00:00+00:00,8.9819,9.0506,7.3256,7.5995,18506554.0
2021-01-22 00:00:00+00:00,7.5937,9.0365,7.0329,8.6951,19080993.0
2021-01-23 00:00:00+00:00,8.7005,9.55,8.5022,9.3467,10217601.0
2021-01-24 00:00:00+00:00,9.3505,12.3198,9.1673,12.0512,23259406.0
2021-01-25 00:00:00+00:00,12.0512,12.9089,10.8888,11.3156,22783749.0
2021-01-26 00:00:00+00:00,11.3138,14.2691,11.1621,13.9081,37523107.0
2021-01-27 00:00:00+00:00,13.9081,15.495,13.0081,14.7215,36607314.0
2021-01-28 00:00:00+00:00,14.7392,15.3845,13.5165,14.1217,25933626.0
2021-01-29 00:00:00+00:00,14.1218,15.8281,14.0657,15.6636,21552285.0
2021-01-30 00:00:00+00:00,15.668,19.6752,15.1132,19.5551,23622329.0
2021-01-31 00:00:00+00:00,19.5762,20.5829,17.4,17.7516,25770572.0
2021-02-01 00:00:00+00:00,17.7441,20.8307,16.7113,20.5017,20187545.0
2021-02-02 00:00:00+00:00,20.502,20.6525,18.131,19.0051,15648851.0
2021-02-03 00:00:00+00:00,19.0051,20.636,18.7406,19.7753,14849303.0
2021-02-04 00:00:00+00:00,19.7685,21.6916,19.028,20.1483,19089079.0
2021-02-05 00:00:00+00:00,20.1617,22.6875,19.5784,21.1991,16634494.0
2021-02-06 00:00:00+00:00,21.2027,21.7693,19.237,19.2986,15646215.0
2021-02-07 00:00:00+00:00,19.3031,19.7243,17.1,18.6843,14918094.0
2021-02-08 00:00:00+00:00,18.688,20.2672,18.1461,19.3793,14557394.0
2021-02-09 00:00:00+00:00,19.3758,20.0282,18.9628,19.5536,11758949.0
2021-02-10 00:00:00+00:00,19.5527,22.5,19.3,20.7165,18827664.0
2021-02-11 00:00:00+00:00,20.7054,22.1,20.1276,21.5345,12028213.0
2021-02-12 00:00:00+00:00,21.5283,24.0607,21.3087,22.7,16267538.0
2021-02-13 00:00:00+00:00,22.7001,23.7203,21.2515,21.8543,13577988.0
2021-02-14 00:00:00+00:00,21.8647,22.6854,20.7022,20.863,10246981.0
2021-02-15 00:00:00+00:00,20.8681,21.5872,16.7095,20.1047,18409313.0
2021-02-16 00:00:00+00:00,20.1012,21.3683,19.3868,20.4965,10116085.0
2021-02-17 00:00:00+00:00,20.4889,21.9506,19.1528,21.5581,10273812.0
2021-02-18 00:00:00+00:00,21.554,22.3486,20.6195,21.1869,9691032.0
2021-02-19 00:00:00+00:00,21.1954,21.598,19.2999,20.1054,10258130.0
2021-02-20 00:00:00+00:00,20.1075,33.2375,19.5245,28.7711,45023215.0
2021-02-21 00:00:00+00:00,28.7621,32.2,27.7029,28.84,28615690.0
2021-02-22 00:00:00+00:00,28.8478,29.2037,17.5103,27.7285,25929173.0
2021-02-23 00:00:00+00:00,27.7145,27.8225,18.0,24.8499,32859367.0
2021-02-24 00:00:00+00:00,24.8427,27.3533,23.0843,25.2542,18235720.0
2021-02-25 00:00:00+00:00,25.2452,27.0,23.1006,23.5103,16015923.0
2021-02-26 00:00:00+00:00,23.5014,25.2105,21.0002,23.1188,17174031.0
2021-02-27 00:00:00+00:00,23.1154,24.9006,22.306,23.5588,10888122.0
2021-02-28 00:00:00+00:00,23.5545,24.1537,20.5,22.2342,12634615.0
2021-03-01 00:00:00+00:00,22.2389,25.7729,22.0749,25.7718,11242436.0
2021-03-02 00:00:00+00:00,25.7716,27.52,24.5231,25.5372,15130373.0
2021-03-03 00:00:00+00:00,25.5487,27.6544,25.2839,25.3835,9938056.0
2021-03-04 00:00:00+00:00,25.3754,29.8298,24.7608,28.3053,23521841.0
2021-03-05 00:00:00+00:00,28.3097,28.8047,25.8538,28.3138,16744122.0
2021-03-06 00:00:00+00:00,28.3138,29.0983,27.2053,28.5264,9419493.0
2021-03-07 00:00:00+00:00,28.534,34.9329,28.4971,34.2945,18619304.0
2021-03-08 00:00:00+00:00,34.3012,34.9499,32.0501,33.3088,16807446.0
2021-03-09 00:00:00+00:00,33.3211,34.8801,32.4222,32.9799,10794960.0
2021-03-10 00:00:00+00:00,32.9779,33.6486,30.355,30.9415,10441050.0
2021-03-11 00:00:00+00:00,30.9503,31.8776,29.4415,31.0675,10170301.0
2021-03-12 00:00:00+00:00,31.0689,32.0367,29.2,30.9554,8840368.0
2021-03-13 00:00:00+00:00,30.9676,33.4571,30.2303,32.5155,8753692.0
2021-03-14 00:00:00+00:00,32.5329,33.8336,30.6348,30.6672,8431184.0
2021-03-15 00:00:00+00:00,30.6637,31.5829,29.5033,29.8326,8161725.0
2021-03-16 00:00:00+00:00,29.8109,30.09,27.9621,30.0805,7606697.0
2021-03-17 00:00:00+00:00,30.0803,31.7075,29.4164,31.349,9887463.0
2021-03-18 00:00:00+00:00,31.3427,31.683,29.7535,30.021,5968673.0
2021-03-19 00:00:00+00:00,30.0129,34.2899,29.4844,33.3195,10995020.0
2021-03-20 00:00:00+00:00,33.3326,35.2718,31.891,32.104,9604632.0
2021-03-21 00:00:00+00:00,32.1078,33.3457,31.5466,32.9581,6186567.0
2021-03-22 00:00:00+00:00,32.9709,35.9182,31.8113,32.8598,14799355.0
2021-03-23 00:00:00+00:00,32.8646,37.0032,30.282,31.0137,22044972.0
2021-03-24 00:00:00+00:00,31.0137,31.9022,25.272,27.2252,16518250.0
2021-03-25 00:00:00+00:00,27.2169,28.1008,25.6,26.523,13319326.0
2021-03-26 00:00:00+00:00,26.52,29.0436,26.4792,28.91,8314637.0
2021-03-27 00:00:00+00:00,28.91,29.5162,27.8361,28.2226,6878413.0
2021-03-28 00:00:00+00:00,28.2211,28.9477,27.3502,27.896,5790591.0
2021-03-29 00:00:00+00:00,27.9077,29.5714,27.5403,29.048,7360291.0
2021-03-30 00:00:00+00:00,29.0504,29.34,28.3215,28.6021,6155656.0
2021-03-31 00:00:00+00:00,28.6029,29.1,26.6265,28.1142,8220184.0
2021-04-01 00:00:00+00:00,28.1195,30.3845,28.1169,28.715,9110965.0
2021-04-02 00:00:00+00:00,28.7213,30.3688,28.7121,30.2742,6475033.0
2021-04-03 00:00:00+00:00,30.2729,32.5296,29.3376,29.4398,11196800.0
2021-04-04 00:00:00+00:00,29.4298,31.6282,28.9,30.9745,5216001.0
2021-04-05 00:00:00+00:00,30.978,31.3326,29.712,30.9,5887442.0
2021-04-06 00:00:00+00:00,30.9002,32.5512,30.078,31.2786,7753133.0
2021-04-07 00:00:00+00:00,31.2821,31.4792,27.7515,28.5772,8770064.0
2021-04-08 00:00:00+00:00,28.583,30.304,28.3533,30.2088,4691681.0
2021-04-09 00:00:00+00:00,30.2085,30.6267,29.3251,29.5525,3929131.0
2021-04-10 00:00:00+00:00,29.5519,30.8991,29.1944,29.8201,4168629.0
2021-04-11 00:00:00+00:00,29.8206,30.7368,29.2566,29.988,4417864.0
2021-04-12 00:00:00+00:00,29.9876,38.3448,29.6157,36.7741,29266717.0
2021-04-13 00:00:00+00:00,36.7763,37.2371,34.3,35.5052,16550235.0
2021-04-14 00:00:00+00:00,35.5073,37.0415,33.2491,36.1035,13977552.0
2021-04-15 00:00:00+00:00,36.1104,39.7084,35.6959,37.7967,15105585.0
2021-04-16 00:00:00+00:00,37.794,38.3225,34.0631,36.1801,10736622.0
2021-04-17 00:00:00+00:00,36.1847,37.6346,34.6642,34.763,7296268.0
2021-04-18 00:00:00+00:00,34.7779,35.1619,25.1281,31.6669,20508044.0
2021-04-19 00:00:00+00:00,31.6701,32.7454,29.4624,31.4083,10545861.0
2021-04-20 00:00:00+00:00,31.4107,32.3051,28.2429,31.9788,10028016.0
2021-04-21 00:00:00+00:00,31.9691,36.6149,30.537,33.4638,16985031.0
2021-04-22 00:00:00+00:00,33.4695,38.5468,32.7,33.947,25660215.0
2021-04-23 00:00:00+00:00,33.915,34.9469,29.4508,32.9697,18617482.0
2021-04-24 00:00:00+00:00,32.9866,33.009,29.8916,30.1676,7883525.0
2021-04-25 00:00:00+00:00,30.1708,34.9286,30.0,34.3849,13102572.0
2021-04-26 00:00:00+00:00,34.3864,38.5653,34.1527,38.193,12718965.0
2021-04-27 00:00:00+00:00,38.1934,40.7,37.3412,39.6818,13105179.0
2021-04-28 00:00:00+00:00,39.6811,43.0,37.8,42.9312,16273430.0
2021-04-29 00:00:00+00:00,42.9179,44.0,39.6083,41.0774,10559456.0
2021-04-30 00:00:00+00:00,41.0938,41.4,38.9062,40.6815,9331754.0
2021-05-01 00:00:00+00:00,40.6775,41.3696,39.2083,40.3984,7717464.0
2021-05-02 00:00:00+00:00,40.4138,43.4104,39.3215,42.6641,13162772.0
2021-05-03 00:00:00+00:00,42.6634,45.0876,41.2069,42.3444,13582196.0
2021-05-04 00:00:00+00:00,42.3401,44.7484,39.23,43.1352,18375985.0
2021-05-05 00:00:00+00:00,43.1323,44.9928,41.4724,42.4773,14579997.0
2021-05-06 00:00:00+00:00,42.4847,42.6121,39.8,40.276,11273009.0
2021-05-07 00:00:00+00:00,40.2839,41.3232,38.1455,39.773,10247253.0
2021-05-08 00:00:00+00:00,39.761,41.3299,39.2405,40.5299,7149299.0
2021-05-09 00:00:00+00:00,40.5299,40.777,38.1235,39.4994,6504321.0
2021-05-10 00:00:00+00:00,39.4946,41.2307,33.153,36.38,12209814.0
2021-05-11 00:00:00+00:00,36.3845,38.5516,35.4411,38.536,5863406.0
2021-05-12 00:00:00+00:00,38.541,44.097,35.584,36.976,17114684.0
2021-05-13 00:00:00+00:00,37.033,40.343,33.782,37.372,11607221.0
2021-05-14 00:00:00+00:00,37.366,40.922,37.13,40.454,5623089.0
2021-05-15 00:00:00+00:00,40.462,42.458,36.535,36.644,6389222.0
2021-05-16 00:00:00+00:00,36.654,39.472,34.482,36.629,5801513.0
2021-05-17 00:00:00+00:00,36.624,36.624,31.8,33.289,8590874.0
2021-05-18 00:00:00+00:00,33.287,36.68,32.986,35.024,7513300.0
2021-05-19 00:00:00+00:00,35.042,35.542,14.501,23.19,24390442.0
2021-05-20 00:00:00+00:00,23.195,28.453,19.959,26.342,16669856.0
2021-05-21 00:00:00+00:00,26.347,27.959,18.829,21.926,14504773.0
2021-05-22 00:00:00+00:00,21.926,22.416,18.365,20.36,10931801.0
2021-05-23 00:00:00+00:00,20.355,21.311,12.921,16.701,25776282.0
2021-05-24 00:00:00+00:00,16.696,25.199,16.494,24.707,18096359.0
2021-05-25 00:00:00+00:00,24.7,26.714,21.473,25.105,16371014.0
2021-05-26 00:00:00+00:00,25.093,29.449,24.541,29.412,8766631.0
2021-05-27 00:00:00+00:00,29.411,30.039,26.119,28.553,9912768.0
2021-05-28 00:00:00+00:00,28.555,29.433,24.885,25.868,12344672.0
2021-05-29 00:00:00+00:00,25.863,27.544,21.767,23.143,10244471.0
2021-05-30 00:00:00+00:00,23.151,26.597,21.613,25.699,9814720.0
2021-05-31 00:00:00+00:00,25.691,28.385,23.42,28.211,12075393.0
2021-06-01 00:00:00+00:00,28.209,28.941,25.936,27.415,6949131.0
2021-06-02 00:00:00+00:00,27.415,28.809,26.325,27.617,5338120.0
2021-06-03 00:00:00+00:00,27.622,29.391,26.888,28.693,5703539.0
2021-06-04 00:00:00+00:00,28.692,28.7,24.911,26.381,6886650.0
2021-06-05 00:00:00+00:00,26.39,27.688,25.167,25.645,6270310.0
2021-06-06 00:00:00+00:00,25.645,26.454,25.344,25.873,4281660.0
2021-06-07 00:00:00+00:00,25.872,27.325,23.928,24.268,6339359.0
2021-06-08 00:00:00+00:00,24.257,24.636,20.673,23.421,10262999.0
2021-06-09 00:00:00+00:00,23.414,25.25,22.197,25.118,9209748.0
2021-06-10 00:00:00+00:00,25.116,25.276,23.091,23.597,6421461.0
2021-06-11 00:00:00+00:00,23.602,23.882,21.3,21.858,5709488.0
2021-06-12 00:00:00+00:00,21.851,21.902,20.235,21.288,6286510.0
2021-06-13 00:00:00+00:00,21.283,23.635,20.43,23.268,6212682.0
2021-06-14 00:00:00+00:00,23.265,24.216,22.5,24.179,5315030.0
2021-06-15 00:00:00+00:00,24.169,24.709,23.131,23.427,3629877.0
2021-06-16 00:00:00+00:00,23.421,23.565,21.641,21.833,4463130.0
2021-06-17 00:00:00+00:00,21.825,22.958,21.405,22.187,3994524.0
2021-06-18 00:00:00+00:00,22.188,22.271,19.542,20.396,5990971.0
2021-06-19 00:00:00+00:00,20.399,20.982,19.748,19.753,3843226.0
2021-06-20 00:00:00+00:00,19.751,21.024,18.613,20.709,5585016.0
2021-06-21 00:00:00+00:00,20.713,20.88,15.738,15.772,12954760.0
2021-06-22 00:00:00+00:00,15.773,17.105,13.835,16.409,17788964.0
2021-06-23 00:00:00+00:00,16.41,18.483,15.759,17.795,9747376.0
2021-06-24 00:00:00+00:00,17.799,18.587,16.601,18.048,7369481.0
2021-06-25 00:00:00+00:00,18.044,18.349,15.69,15.807,8635103.0
2021-06-26 00:00:00+00:00,15.807,16.452,15.092,16.105,7033708.0
2021-06-27 00:00:00+00:00,16.102,17.097,15.608,17.076,5547530.0
2021-06-28 00:00:00+00:00,17.071,18.131,16.855,17.725,5918341.0
2021-06-29 00:00:00+00:00,17.728,19.186,17.653,18.635,5975768.0
2021-06-30 00:00:00+00:00,18.638,19.29,17.133,19.271,6053399.0
2021-07-01 00:00:00+00:00,19.271,19.281,17.533,17.77,5940863.0
2021-07-02 00:00:00+00:00,17.767,18.253,16.925,18.206,5480965.0
2021-07-03 00:00:00+00:00,18.209,19.555,17.774,19.466,4817910.0
2021-07-04 00:00:00+00:00,19.467,21.488,18.912,20.74,9292932.0
2021-07-05 00:00:00+00:00,20.739,20.887,19.081,20.056,8768279.0
2021-07-06 00:00:00+00:00,20.052,23.19,20.021,22.375,14688400.0
2021-07-07 00:00:00+00:00,22.382,23.444,21.636,22.233,7789343.0
2021-07-08 00:00:00+00:00,22.235,22.305,19.937,20.345,9037284.0
2021-07-09 00:00:00+00:00,20.338,21.579,19.753,20.956,7643491.0
2021-07-10 00:00:00+00:00,20.96,21.504,19.914,20.242,4955942.0
2021-07-11 00:00:00+00:00,20.242,20.944,19.957,20.68,4910734.0
2021-07-12 00:00:00+00:00,20.685,21.41,19.194,19.526,6523185.0
2021-07-13 00:00:00+00:00,19.524,19.732,18.153,18.457,7711840.0
2021-07-14 00:00:00+00:00,18.455,18.539,16.704,17.88,11413897.0
2021-07-15 00:00:00+00:00,17.876,18.382,16.775,17.07,7759983.0
2021-07-16 00:00:00+00:00,17.056,17.592,15.906,16.346,7560083.0
2021-07-17 00:00:00+00:00,16.347,16.739,15.925,16.096,7730494.0
2021-07-18 00:00:00+00:00,16.097,17.148,16.002,16.295,7647793.0
2021-07-19 00:00:00+00:00,16.302,16.777,15.386,15.723,10793840.0
2021-07-20 00:00:00+00:00,15.724,15.964,14.37,14.542,10435188.0
2021-07-21 00:00:00+00:00,14.544,16.856,13.985,16.72,12640790.0
2021-07-22 00:00:00+00:00,16.721,17.615,16.051,17.564,8881516.0
2021-07-23 00:00:00+00:00,17.564,18.694,16.911,18.595,8325699.0
2021-07-24 00:00:00+00:00,18.594,18.938,18.005,18.233,7624646.0
2021-07-25 00:00:00+00:00,18.229,18.433,17.23,18.263,6723001.0
2021-07-26 00:00:00+00:00,18.262,20.327,18.161,18.512,13409758.0
2021-07-27 00:00:00+00:00,18.506,19.231,17.683,18.875,8544716.0
2021-07-28 00:00:00+00:00,18.874,19.446,18.501,19.062,8305815.0
2021-07-29 00:00:00+00:00,19.06,19.803,18.595,19.567,7396005.0
2021-07-30 00:00:00+00:00,19.57,21.049,19.331,20.894,11946902.0
2021-07-31 00:00:00+00:00,20.894,21.95,20.65,21.731,6812938.0
2021-08-01 00:00:00+00:00,21.746,23.23,21.539,21.971,11136066.0
2021-08-02 00:00:00+00:00,21.968,23.099,21.399,22.376,8735490.0
2021-08-03 00:00:00+00:00,22.375,22.743,20.591,21.325,8792260.0
2021-08-04 00:00:00+00:00,21.323,23.733,20.747,23.536,9431427.0
2021-08-05 00:00:00+00:00,23.53,25.595,22.057,25.451,13161173.0
2021-08-06 00:00:00+00:00,25.451,26.963,24.533,26.19,9641456.0
2021-08-07 00:00:00+00:00,26.19,29.033,25.803,28.324,13059991.0
2021-08-08 00:00:00+00:00,28.328,28.734,25.963,26.711,9327687.0
2021-08-09 00:00:00+00:00,26.713,28.799,25.384,28.37,9455182.0
2021-08-10 00:00:00+00:00,28.369,30.261,28.2,28.796,10948250.0
2021-08-11 00:00:00+00:00,28.795,30.502,28.754,28.978,9131045.0
2021-08-12 00:00:00+00:00,28.97,29.96,26.875,28.115,8621488.0
2021-08-13 00:00:00+00:00,28.117,30.63,27.86,30.543,7890183.0
2021-08-14 00:00:00+00:00,30.543,30.701,28.684,30.146,7800350.0
2021-08-15 00:00:00+00:00,30.146,30.516,28.278,30.291,7305889.0
2021-08-16 00:00:00+00:00,30.292,31.31,29.0,29.074,9693704.0
2021-08-17 00:00:00+00:00,29.08,30.857,25.888,26.419,11518035.0
2021-08-18 00:00:00+00:00,26.422,27.367,25.464,26.333,10538667.0
2021-08-19 00:00:00+00:00,26.339,28.013,25.301,27.994,9007463.0
2021-08-20 00:00:00+00:00,27.993,29.268,27.507,28.906,7926500.0
2021-08-21 00:00:00+00:00,28.91,29.796,28.183,28.256,7463446.0
2021-08-22 00:00:00+00:00,28.25,29.23,27.167,28.43,5713108.0
2021-08-23 00:00:00+00:00,28.432,29.699,28.392,28.844,5933960.0
2021-08-24 00:00:00+00:00,28.841,29.298,26.492,26.614,7003032.0
2021-08-25 00:00:00+00:00,26.614,27.481,25.668,27.065,5851081.0
2021-08-26 00:00:00+00:00,27.063,27.692,25.01,25.513,6474044.0
2021-08-27 00:00:00+00:00,25.517,27.507,25.02,27.429,5997607.0
2021-08-28 00:00:00+00:00,27.43,27.629,26.633,26.86,3944512.0
2021-08-29 00:00:00+00:00,26.864,27.716,26.162,26.818,4911295.0
2021-08-30 00:00:00+00:00,26.818,28.266,25.58,26.85,7338738.0
2021-08-31 00:00:00+00:00,26.855,29.779,26.085,29.41,12366197.0
2021-09-01 00:00:00+00:00,29.405,31.436,28.701,31.39,11351410.0
2021-09-02 00:00:00+00:00,31.386,31.485,29.5,29.966,6461062.0
2021-09-03 00:00:00+00:00,29.968,31.25,28.348,28.697,15632749.0
2021-09-04 00:00:00+00:00,28.697,29.525,28.213,28.599,7341642.0
2021-09-05 00:00:00+00:00,28.604,29.567,28.37,29.395,6831041.0
2021-09-06 00:00:00+00:00,29.396,30.343,28.3,28.875,10738954.0
2021-09-07 00:00:00+00:00,28.874,29.373,20.133,24.33,21643758.0
2021-09-08 00:00:00+00:00,24.326,24.997,21.367,23.156,11522683.0
2021-09-09 00:00:00+00:00,23.152,24.756,22.722,23.341,10176369.0
2021-09-10 00:00:00+00:00,23.338,24.276,21.416,22.32,8741964.0
2021-09-11 00:00:00+00:00,22.319,23.91,22.245,22.74,5926545.0
2021-09-12 00:00:00+00:00,22.743,24.299,22.156,23.742,7670153.0
2021-09-13 00:00:00+00:00,23.744,24.08,21.345,22.668,8654674.0
2021-09-14 00:00:00+00:00,22.671,25.941,22.475,25.692,8691157.0
2021-09-15 00:00:00+00:00,25.686,27.5,24.704,27.482,9787464.0
2021-09-16 00:00:00+00:00,27.48,27.633,25.385,26.246,9420017.0
2021-09-17 00:00:00+00:00,26.248,26.391,24.015,24.334,6688358.0
2021-09-18 00:00:00+00:00,24.336,25.267,23.886,24.542,4251484.0
2021-09-19 00:00:00+00:00,24.543,24.666,23.454,23.905,3833639.0
2021-09-20 00:00:00+00:00,23.902,23.997,20.415,20.908,10642051.0
2021-09-21 00:00:00+00:00,20.903,21.647,18.319,19.063,12374768.0
2021-09-22 00:00:00+00:00,19.061,21.662,18.831,21.604,9439517.0
2021-09-23 00:00:00+00:00,21.605,21.842,20.875,21.481,5562330.0
2021-09-24 00:00:00+00:00,21.48,21.633,18.141,19.643,10503023.0
2021-09-25 00:00:00+00:00,19.636,20.098,18.942,19.454,5669447.0
2021-09-26 00:00:00+00:00,19.453,24.751,17.73,24.04,34542888.0
2021-09-27 00:00:00+00:00,24.034,26.057,22.248,22.375,28513455.0
2021-09-28 00:00:00+00:00,22.38,24.99,22.1,23.043,28465699.0
2021-09-29 00:00:00+00:00,23.052,24.335,22.226,23.006,17792508.0
2021-09-30 00:00:00+00:00,23.007,23.947,22.613,23.513,10422896.0
2021-10-01 00:00:00+00:00,23.508,25.865,23.47,25.623,12374528.0
2021-10-02 00:00:00+00:00,25.627,27.242,25.34,26.123,11249449.0
2021-10-03 00:00:00+00:00,26.132,26.624,25.633,26.034,7076512.0
2021-10-04 00:00:00+00:00,26.034,26.035,24.246,25.331,7923099.0
2021-10-05 00:00:00+00:00,25.335,25.913,24.553,25.643,6786261.0
2021-10-06 00:00:00+00:00,25.65,26.075,23.78,25.261,8549065.0
2021-10-07 00:00:00+00:00,25.265,26.349,24.433,25.553,7706096.0
2021-10-08 00:00:00+00:00,25.552,26.145,24.625,24.797,7931247.0
2021-10-09 00:00:00+00:00,24.799,25.719,24.535,25.172,5253949.0
2021-10-10 00:00:00+00:00,25.174,26.062,24.086,24.17,7434733.0
2021-10-11 00:00:00+00:00,24.167,25.126,23.444,24.163,6680623.0
2021-10-12 00:00:00+00:00,24.172,24.176,22.291,23.471,7121843.0
2021-10-13 00:00:00+00:00,23.463,25.769,23.128,24.696,14168842.0
2021-10-14 00:00:00+00:00,24.696,26.518,24.523,26.477,9474026.0
2021-10-15 00:00:00+00:00,26.479,26.878,25.377,25.896,9897747.0
2021-10-16 00:00:00+00:00,25.89,28.002,25.757,27.089,8750796.0
2021-10-17 00:00:00+00:00,27.091,27.167,25.032,25.941,7067333.0
2021-10-18 00:00:00+00:00,25.933,26.255,24.882,25.667,5079794.0
2021-10-19 00:00:00+00:00,25.663,26.354,25.252,26.048,4883659.0
2021-10-20 00:00:00+00:00,26.046,27.179,25.473,27.172,5422223.0
2021-10-21 00:00:00+00:00,27.17,27.806,25.606,26.122,7618325.0
2021-10-22 00:00:00+00:00,26.124,26.897,25.358,25.664,4926650.0
2021-10-23 00:00:00+00:00,25.665,26.927,25.26,26.869,5203698.0
2021-10-24 00:00:00+00:00,26.868,27.287,25.355,25.802,5200664.0
2021-10-25 00:00:00+00:00,25.803,26.834,25.712,26.797,4075352.0
2021-10-26 00:00:00+00:00,26.797,28.336,26.113,26.586,12050396.0
2021-10-27 00:00:00+00:00,26.591,28.374,22.861,24.165,13774059.0
2021-10-28 00:00:00+00:00,24.164,25.385,23.912,24.911,7894347.0
2021-10-29 00:00:00+00:00,24.911,25.825,24.658,25.56,5950649.0
2021-10-30 00:00:00+00:00,25.561,25.599,24.412,24.939,3797982.0
2021-10-31 00:00:00+00:00,24.938,25.306,24.012,25.026,5088808.0
2021-11-01 00:00:00+00:00,25.028,26.488,24.143,25.622,7765122.0
2021-11-02 00:00:00+00:00,25.622,26.345,25.17,26.202,5324490.0
2021-11-03 00:00:00+00:00,26.203,27.099,25.335,26.925,8449737.0
2021-11-04 00:00:00+00:00,26.917,27.498,25.256,25.745,7488318.0
2021-11-05 00:00:00+00:00,25.744,26.133,25.287,25.607,5368744.0
2021-11-06 00:00:00+00:00,25.607,25.819,24.356,25.185,3870730.0
2021-11-07 00:00:00+00:00,25.184,25.537,24.983,25.35,2868519.0
2021-11-08 00:00:00+00:00,25.354,26.438,25.239,26.286,6608880.0
2021-11-09 00:00:00+00:00,26.287,27.862,25.804,26.389,10891209.0
2021-11-10 00:00:00+00:00,26.39,28.549,23.6,25.269,15169143.0
2021-11-11 00:00:00+00:00,25.265,26.127,24.904,25.396,6305719.0
2021-11-12 00:00:00+00:00,25.393,25.729,23.866,24.573,5587724.0
2021-11-13 00:00:00+00:00,24.575,24.816,24.185,24.678,3192693.0
2021-11-14 00:00:00+00:00,24.67,25.032,24.018,24.582,3225451.0
2021-11-15 00:00:00+00:00,24.584,25.002,23.666,24.027,4763529.0
2021-11-16 00:00:00+00:00,24.022,24.024,20.22,21.692,10995595.0
2021-11-17 00:00:00+00:00,21.694,21.951,21.04,21.872,5588385.0
2021-11-18 00:00:00+00:00,21.877,22.244,19.602,20.091,6507355.0
2021-11-19 00:00:00+00:00,20.097,21.326,19.766,21.205,4144162.0
2021-11-20 00:00:00+00:00,21.204,22.037,20.919,22.033,3866052.0
2021-11-21 00:00:00+00:00,22.035,22.185,21.389,21.623,2710913.0
2021-11-22 00:00:00+00:00,21.626,22.316,20.723,20.963,6669758.0
2021-11-23 00:00:00+00:00,20.964,22.351,20.766,22.229,4735461.0
2021-11-24 00:00:00+00:00,22.227,22.335,20.495,20.807,4194938.0
2021-11-25 00:00:00+00:00,20.808,21.665,20.586,21.41,4495324.0
2021-11-26 00:00:00+00:00,21.413,21.467,18.676,19.262,7227347.0
2021-11-27 00:00:00+00:00,19.261,20.163,19.226,19.497,3229871.0
2021-11-28 00:00:00+00:00,19.493,20.263,18.487,20.121,5337489.0
2021-11-29 00:00:00+00:00,20.123,20.48,19.651,20.267,3801149.0
2021-11-30 00:00:00+00:00,20.262,21.477,19.55,21.271,5928397.0
2021-12-01 00:00:00+00:00,21.268,22.324,20.8,20.968,6387162.0
2021-12-02 00:00:00+00:00,20.966,23.06,20.539,22.436,12402180.0
2021-12-03 00:00:00+00:00,22.428,23.04,19.201,19.937,8857719.0
2021-12-04 00:00:00+00:00,19.935,20.027,12.808,17.174,16326612.0
2021-12-05 00:00:00+00:00,17.179,17.468,15.87,16.526,6325517.0
2021-12-06 00:00:00+00:00,16.532,17.481,15.163,17.295,8495955.0
2021-12-07 00:00:00+00:00,17.286,17.64,16.9,17.136,5768666.0
2021-12-08 00:00:00+00:00,17.136,18.744,16.941,18.724,8083723.0
2021-12-09 00:00:00+00:00,18.73,18.751,16.101,16.15,7019580.0
2021-12-10 00:00:00+00:00,16.15,16.523,15.078,15.131,7963292.0
2021-12-11 00:00:00+00:00,15.13,16.728,14.928,15.893,8025483.0
2021-12-12 00:00:00+00:00,15.893,16.185,15.25,15.994,3885316.0
2021-12-13 00:00:00+00:00,15.992,16.085,13.743,14.146,7713888.0
2021-12-14 00:00:00+00:00,14.149,15.069,13.905,14.974,5350458.0
2021-12-15 00:00:00+00:00,14.975,15.508,14.151,15.196,6958757.0
2021-12-16 00:00:00+00:00,15.196,15.371,14.337,14.405,6043979.0
2021-12-17 00:00:00+00:00,14.406,15.084,13.649,14.969,7529757.0
2021-12-18 00:00:00+00:00,14.97,16.094,14.663,15.565,9954823.0
2021-12-19 00:00:00+00:00,15.559,15.961,14.813,14.952,6074887.0
2021-12-20 00:00:00+00:00,14.96,15.174,13.961,14.506,6109220.0
2021-12-21 00:00:00+00:00,14.505,15.098,14.303,15.041,4203625.0
2021-12-22 00:00:00+00:00,15.042,16.537,14.956,16.209,7047583.0
2021-12-23 00:00:00+00:00,16.21,18.25,15.908,18.171,12198233.0
2021-12-24 00:00:00+00:00,18.174,18.28,17.221,17.505,6764425.0
2021-12-25 00:00:00+00:00,17.505,17.843,17.076,17.465,4252597.0
2021-12-26 00:00:00+00:00,17.472,18.8,16.701,18.659,6658322.0
2021-12-27 00:00:00+00:00,18.663,20.08,18.529,19.127,12519261.0
2021-12-28 00:00:00+00:00,19.127,19.94,17.7,18.395,13077562.0
2021-12-29 00:00:00+00:00,18.396,19.498,16.824,17.124,13778179.0
2021-12-30 00:00:00+00:00,17.125,17.902,16.707,17.779,7644317.0
2021-12-31 00:00:00+00:00,17.782,18.649,16.755,16.996,8818052.0
2022-01-01 00:00:00+00:00,17.0,17.57,16.85,17.462,5185312.0
2022-01-02 00:00:00+00:00,17.462,18.505,17.033,18.398,5381410.0
2022-01-03 00:00:00+00:00,18.394,19.171,17.822,18.463,11802592.0
2022-01-04 00:00:00+00:00,18.46,19.149,17.683,18.205,8683254.0
2022-01-05 00:00:00+00:00,18.208,19.864,16.222,17.098,14087152.0
2022-01-06 00:00:00+00:00,17.096,17.249,16.036,17.052,8987910.0
2022-01-07 00:00:00+00:00,17.049,17.154,15.212,15.761,9824863.0
2022-01-08 00:00:00+00:00,15.762,16.195,14.509,14.92,5315536.0
2022-01-09 00:00:00+00:00,14.915,16.282,14.806,15.806,6558876.0
2022-01-10 00:00:00+00:00,15.806,16.44,14.612,15.107,11298410.0
2022-01-11 00:00:00+00:00,15.107,16.314,14.973,15.961,7479126.0
2022-01-12 00:00:00+00:00,15.958,16.598,15.944,16.277,5459614.0
2022-01-13 00:00:00+00:00,16.277,16.583,15.378,15.45,6084512.0
2022-01-14 00:00:00+00:00,15.45,15.956,15.118,15.85,4217382.0
2022-01-15 00:00:00+00:00,15.85,16.713,15.689,16.468,4823483.0
2022-01-16 00:00:00+00:00,16.464,18.189,16.267,17.842,8164100.0
2022-01-17 00:00:00+00:00,17.842,17.959,16.22,16.628,8132723.0
2022-01-18 00:00:00+00:00,16.634,17.706,15.618,15.967,12679270.0
2022-01-19 00:00:00+00:00,15.962,16.234,15.072,15.107,6349982.0
2022-01-20 00:00:00+00:00,15.107,16.175,14.36,14.447,6757975.0
2022-01-21 00:00:00+00:00,14.447,14.674,12.303,12.634,12393265.0
2022-01-22 00:00:00+00:00,12.633,13.067,10.345,11.133,17454770.0
2022-01-23 00:00:00+00:00,11.139,11.912,10.814,11.412,9369170.0
2022-01-24 00:00:00+00:00,11.412,11.421,9.524,10.679,15141285.0
2022-01-25 00:00:00+00:00,10.677,10.93,10.31,10.58,7102925.0
2022-01-26 00:00:00+00:00,10.58,11.763,10.344,10.582,8464309.0
2022-01-27 00:00:00+00:00,10.582,10.906,9.883,10.308,13473580.0
2022-01-28 00:00:00+00:00,10.31,10.735,9.839,10.654,7952936.0
2022-01-29 00:00:00+00:00,10.652,11.233,10.56,11.148,7202591.0
2022-01-30 00:00:00+00:00,11.149,11.437,10.634,10.78,6068876.0
2022-01-31 00:00:00+00:00,10.781,11.887,10.288,11.765,10644217.0
2022-02-01 00:00:00+00:00,11.765,11.87,10.991,11.103,8566077.0
2022-02-02 00:00:00+00:00,11.103,11.365,10.38,10.505,8713499.0
2022-02-03 00:00:00+00:00,10.508,10.585,9.966,10.391,7718340.0
2022-02-04 00:00:00+00:00,10.392,11.199,10.321,11.171,9636136.0
2022-02-05 00:00:00+00:00,11.171,12.023,11.11,11.238,8866084.0
2022-02-06 00:00:00+00:00,11.238,11.722,10.989,11.665,7159034.0
2022-02-07 00:00:00+00:00,11.668,12.599,11.368,12.372,13397983.0
2022-02-08 00:00:00+00:00,12.372,12.924,11.491,11.934,11717817.0
2022-02-09 00:00:00+00:00,11.936,12.643,11.6,12.321,9059150.0
2022-02-10 00:00:00+00:00,12.32,12.343,11.327,11.398,10931427.0
2022-02-11 00:00:00+00:00,11.398,11.658,10.374,10.634,7161040.0
2022-02-12 00:00:00+00:00,10.633,10.964,10.397,10.632,5835715.0
2022-02-13 00:00:00+00:00,10.632,10.849,10.235,10.325,4967885.0
2022-02-14 00:00:00+00:00,10.331,10.71,10.1,10.605,6025889.0
2022-02-15 00:00:00+00:00,10.604,11.525,10.603,11.469,6660535.0
2022-02-16 00:00:00+00:00,11.47,11.535,10.778,11.218,7019875.0
2022-02-17 00:00:00+00:00,11.22,11.376,10.215,10.398,7059710.0
2022-02-18 00:00:00+00:00,10.401,10.691,10.042,10.158,7202364.0
2022-02-19 00:00:00+00:00,10.158,10.42,9.745,10.016,4802317.0
2022-02-20 00:00:00+00:00,10.018,10.045,9.181,9.347,6190880.0
2022-02-21 00:00:00+00:00,9.348,9.754,8.498,8.522,9933436.0
2022-02-22 00:00:00+00:00,8.518,8.966,8.127,8.858,9196605.0
2022-02-23 00:00:00+00:00,8.856,9.476,8.701,8.733,8028232.0
2022-02-24 00:00:00+00:00,8.735,9.045,7.503,8.808,18920626.0
2022-02-25 00:00:00+00:00,8.81,9.426,8.445,9.236,8778265.0
2022-02-26 00:00:00+00:00,9.237,9.546,8.931,9.052,5407527.0
2022-02-27 00:00:00+00:00,9.053,10.148,8.637,9.765,28481566.0
2022-02-28 00:00:00+00:00,9.769,10.54,9.338,10.521,28894826.0
2022-03-01 00:00:00+00:00,10.521,10.829,10.007,10.354,11819948.0
2022-03-02 00:00:00+00:00,10.354,10.586,9.951,10.04,9420686.0
2022-03-03 00:00:00+00:00,10.041,10.117,9.414,9.545,7041518.0
2022-03-04 00:00:00+00:00,9.548,9.558,8.647,8.797,7304936.0
2022-03-05 00:00:00+00:00,8.796,9.137,8.648,9.015,5575515.0
2022-03-06 00:00:00+00:00,9.015,9.074,8.43,8.473,6871570.0
2022-03-07 00:00:00+00:00,8.473,8.792,8.093,8.294,8081919.0
2022-03-08 00:00:00+00:00,8.296,8.878,8.24,8.81,7752978.0
2022-03-09 00:00:00+00:00,8.81,9.453,8.741,9.209,8493565.0
2022-03-10 00:00:00+00:00,9.209,9.292,8.483,8.673,6486659.0
2022-03-11 00:00:00+00:00,8.674,9.042,8.355,8.501,6511480.0
2022-03-12 00:00:00+00:00,8.501,8.875,8.424,8.457,4486821.0
2022-03-13 00:00:00+00:00,8.458,8.756,8.106,8.194,5270560.0
2022-03-14 00:00:00+00:00,8.191,8.577,8.091,8.474,6300094.0
2022-03-15 00:00:00+00:00,8.475,8.793,8.121,8.709,6942250.0
2022-03-16 00:00:00+00:00,8.71,9.227,8.505,9.082,8855837.0
2022-03-17 00:00:00+00:00,9.083,9.4,9.022,9.222,6421352.0
2022-03-18 00:00:00+00:00,9.222,9.757,9.0,9.627,7916676.0
2022-03-19 00:00:00+00:00,9.622,9.95,9.545,9.727,8293665.0
2022-03-20 00:00:00+00:00,9.728,9.781,9.127,9.321,6487465.0
2022-03-21 00:00:00+00:00,9.322,9.608,9.167,9.341,7517778.0
2022-03-22 00:00:00+00:00,9.341,10.16,9.265,9.747,9218351.0
2022-03-23 00:00:00+00:00,9.747,10.25,9.636,10.002,7069101.0
2022-03-24 00:00:00+00:00,10.002,10.793,9.954,10.78,8848236.0
2022-03-25 00:00:00+00:00,10.777,11.145,10.411,10.571,10372402.0
2022-03-26 00:00:00+00:00,10.57,10.744,10.344,10.623,4509884.0
2022-03-27 00:00:00+00:00,10.623,11.431,10.46,11.4,8212725.0
2022-03-28 00:00:00+00:00,11.4,11.573,10.717,10.902,10091115.0
2022-03-29 00:00:00+00:00,10.901,11.719,10.873,11.244,9585048.0
2022-03-30 00:00:00+00:00,11.24,11.849,10.8,11.724,10254061.0
2022-03-31 00:00:00+00:00,11.724,12.495,11.049,11.287,13664572.0
2022-04-01 00:00:00+00:00,11.289,12.093,10.86,11.578,8730303.0
2022-04-02 00:00:00+00:00,11.579,12.026,11.418,11.647,9153135.0
2022-04-03 00:00:00+00:00,11.644,12.046,11.457,11.872,7090112.0
2022-04-04 00:00:00+00:00,11.872,12.173,11.04,11.545,10158691.0
2022-04-05 00:00:00+00:00,11.546,11.898,11.028,11.1,6814759.0
2022-04-06 00:00:00+00:00,11.109,11.109,9.9,9.945,10253905.0
2022-04-07 00:00:00+00:00,9.946,10.543,9.804,10.429,6713714.0
2022-04-08 00:00:00+00:00,10.428,10.542,9.608,9.733,7146496.0
2022-04-09 00:00:00+00:00,9.733,10.085,9.707,10.047,5008486.0
2022-04-10 00:00:00+00:00,10.048,10.316,9.819,9.882,5173517.0
2022-04-11 00:00:00+00:00,9.88,9.883,8.89,8.979,8287013.0
2022-04-12 00:00:00+00:00,8.978,9.491,8.923,9.316,5192252.0
2022-04-13 00:00:00+00:00,9.317,9.728,9.259,9.651,7492815.0
2022-04-14 00:00:00+00:00,9.651,9.755,9.309,9.471,4726779.0
2022-04-15 00:00:00+00:00,9.473,9.953,9.437,9.761,5518368.0
2022-04-16 00:00:00+00:00,9.765,9.817,9.489,9.664,2666036.0
2022-04-17 00:00:00+00:00,9.664,9.71,9.181,9.23,3931132.0
2022-04-18 00:00:00+00:00,9.229,9.4,8.84,9.384,5566910.0
2022-04-19 00:00:00+00:00,9.383,9.62,9.193,9.541,4796210.0
2022-04-20 00:00:00+00:00,9.539,9.698,9.101,9.319,6895756.0
2022-04-21 00:00:00+00:00,9.316,9.72,8.6,8.854,9087422.0
2022-04-22 00:00:00+00:00,8.853,9.139,8.726,8.902,6860610.0
2022-04-23 00:00:00+00:00,8.902,9.217,8.827,8.907,5302346.0
2022-04-24 00:00:00+00:00,8.905,9.158,8.669,8.703,5820807.0
2022-04-25 00:00:00+00:00,8.704,8.775,8.146,8.73,8802565.0
2022-04-26 00:00:00+00:00,8.731,8.814,7.9,7.999,6887136.0
2022-04-27 00:00:00+00:00,8.0,8.403,7.976,8.229,5239602.0
2022-04-28 00:00:00+00:00,8.229,8.351,8.018,8.167,5988816.0
2022-04-29 00:00:00+00:00,8.168,8.224,7.5,7.619,7534445.0
2022-04-30 00:00:00+00:00,7.619,7.79,6.301,6.748,10083432.0
2022-05-01 00:00:00+00:00,6.748,7.235,6.564,7.111,9380495.0
2022-05-02 00:00:00+00:00,7.109,7.188,6.636,6.927,7725723.0
2022-05-03 00:00:00+00:00,6.927,7.129,6.687,6.851,6636796.0
2022-05-04 00:00:00+00:00,6.85,7.969,6.818,7.933,14455792.0
2022-05-05 00:00:00+00:00,7.933,8.104,6.95,7.343,16226486.0
2022-05-06 00:00:00+00:00,7.343,7.683,6.852,7.583,15452255.0
2022-05-07 00:00:00+00:00,7.582,7.646,6.963,7.168,14571619.0
2022-05-08 00:00:00+00:00,7.166,7.336,6.847,7.092,11583991.0
2022-05-09 00:00:00+00:00,7.093,7.217,5.874,5.937,25879222.0
2022-05-10 00:00:00+00:00,5.94,6.651,5.735,6.066,23637607.0
2022-05-11 00:00:00+00:00,6.067,6.215,4.642,4.909,34266964.0
2022-05-12 00:00:00+00:00,4.909,5.189,3.703,4.665,34354059.0
2022-05-13 00:00:00+00:00,4.666,5.463,4.598,5.127,13631829.0
2022-05-14 00:00:00+00:00,5.127,5.381,4.711,5.17,8145421.0
2022-05-15 00:00:00+00:00,5.17,5.472,4.974,5.452,8594196.0
2022-05-16 00:00:00+00:00,5.452,5.452,4.889,5.054,9980150.0
2022-05-17 00:00:00+00:00,5.052,5.506,5.027,5.466,9546476.0
2022-05-18 00:00:00+00:00,5.466,5.549,4.859,4.889,9317393.0
2022-05-19 00:00:00+00:00,4.89,5.227,4.714,5.193,10029282.0
2022-05-20 00:00:00+00:00,5.191,5.524,4.918,5.09,14423208.0
2022-05-21 00:00:00+00:00,5.092,5.369,4.97,5.226,8243637.0
2022-05-22 00:00:00+00:00,5.227,5.547,5.118,5.481,8079928.0
2022-05-23 00:00:00+00:00,5.48,5.983,5.359,5.626,17866527.0
2022-05-24 00:00:00+00:00,5.626,5.82,5.27,5.597,15196678.0
2022-05-25 00:00:00+00:00,5.596,5.792,5.368,5.617,14678649.0
2022-05-26 00:00:00+00:00,5.617,5.773,4.763,4.944,21410376.0
2022-05-27 00:00:00+00:00,4.942,5.085,4.588,4.696,23713442.0
2022-05-28 00:00:00+00:00,4.697,5.028,4.601,4.976,10941038.0
2022-05-29 00:00:00+00:00,4.977,5.031,4.764,4.942,10138976.0
2022-05-30 00:00:00+00:00,4.939,5.705,4.883,5.652,14571511.0
2022-05-31 00:00:00+00:00,5.653,5.881,5.539,5.69,12796958.0
2022-06-01 00:00:00+00:00,5.691,5.817,5.089,5.133,14116875.0
2022-06-02 00:00:00+00:00,5.133,5.337,5.038,5.294,8788962.0
2022-06-03 00:00:00+00:00,5.293,5.335,4.956,5.073,7849619.0
2022-06-04 00:00:00+00:00,5.071,5.174,4.931,5.129,5754069.0
2022-06-05 00:00:00+00:00,5.129,5.225,4.91,5.084,7928079.0
2022-06-06 00:00:00+00:00,5.085,5.417,5.082,5.37,11793606.0
2022-06-07 00:00:00+00:00,5.369,5.42,4.931,5.213,13636277.0
2022-06-08 00:00:00+00:00,5.215,5.326,5.023,5.08,8891351.0
2022-06-09 00:00:00+00:00,5.081,5.361,5.02,5.199,7061840.0
2022-06-10 00:00:00+00:00,5.199,5.227,4.755,4.807,9783052.0
2022-06-11 00:00:00+00:00,4.808,4.961,4.324,4.386,11379717.0
2022-06-12 00:00:00+00:00,4.387,4.468,4.033,4.055,13621065.0
2022-06-13 00:00:00+00:00,4.053,4.131,3.442,3.663,27300674.0
2022-06-14 00:00:00+00:00,3.663,3.928,3.352,3.86,20829365.0
2022-06-15 00:00:00+00:00,3.86,4.433,3.384,4.42,35159549.0
2022-06-16 00:00:00+00:00,4.42,4.464,3.752,3.834,24819335.0
2022-06-17 00:00:00+00:00,3.834,4.017,3.791,3.933,12193532.0
2022-06-18 00:00:00+00:00,3.933,4.085,3.321,3.638,18792407.0
2022-06-19 00:00:00+00:00,3.638,4.262,3.491,4.189,18079015.0
2022-06-20 00:00:00+00:00,4.189,4.392,3.984,4.295,14905648.0
2022-06-21 00:00:00+00:00,4.294,5.241,4.213,4.777,22954652.0
2022-06-22 00:00:00+00:00,4.777,5.36,4.565,4.979,38987236.0
2022-06-23 00:00:00+00:00,4.98,5.669,4.954,5.615,29064180.0
2022-06-24 00:00:00+00:00,5.615,5.797,5.35,5.468,16917215.0
2022-06-25 00:00:00+00:00,5.467,5.764,5.23,5.617,13550358.0
2022-06-26 00:00:00+00:00,5.616,6.086,5.467,5.587,14572739.0
2022-06-27 00:00:00+00:00,5.587,5.934,5.263,5.331,14899511.0
2022-06-28 00:00:00+00:00,5.332,5.491,4.851,4.912,13274470.0
2022-06-29 00:00:00+00:00,4.912,5.263,4.775,5.116,17320833.0
2022-06-30 00:00:00+00:00,5.118,5.142,4.588,5.001,20444831.0
2022-07-01 00:00:00+00:00,4.999,5.13,4.743,4.858,12215615.0
2022-07-02 00:00:00+00:00,4.859,5.081,4.713,4.915,12158703.0
2022-07-03 00:00:00+00:00,4.915,4.953,4.72,4.916,9198640.0
2022-07-04 00:00:00+00:00,4.915,5.353,4.726,5.342,12274636.0
2022-07-05 00:00:00+00:00,5.343,5.447,5.003,5.298,12929087.0
2022-07-06 00:00:00+00:00,5.299,5.498,5.183,5.349,11696147.0
2022-07-07 00:00:00+00:00,5.349,5.827,5.282,5.723,11100032.0
2022-07-08 00:00:00+00:00,5.725,5.96,5.519,5.787,11470263.0
2022-07-09 00:00:00+00:00,5.788,6.619,5.784,6.45,24797442.0
2022-07-10 00:00:00+00:00,6.45,6.474,5.975,6.236,18089472.0
2022-07-11 00:00:00+00:00,6.237,6.272,5.217,5.563,28823690.0
2022-07-12 00:00:00+00:00,5.562,5.879,5.439,5.531,23113611.0
2022-07-13 00:00:00+00:00,5.53,6.252,5.22,6.114,24576703.0
2022-07-14 00:00:00+00:00,6.115,7.099,6.025,7.01,49314950.0
2022-07-15 00:00:00+00:00,7.009,7.263,6.709,6.781,22738437.0
2022-07-16 00:00:00+00:00,6.776,7.719,6.665,7.366,22358482.0
2022-07-17 00:00:00+00:00,7.365,7.469,6.87,6.944,10562043.0
2022-07-18 00:00:00+00:00,6.946,7.455,6.91,7.319,18533896.0
2022-07-19 00:00:00+00:00,7.318,7.746,7.201,7.34,17437496.0
2022-07-20 00:00:00+00:00,7.34,7.608,6.775,6.854,13821190.0
2022-07-21 00:00:00+00:00,6.853,7.286,6.663,7.221,11854084.0
2022-07-22 00:00:00+00:00,7.221,7.459,6.812,6.887,10430454.0
2022-07-23 00:00:00+00:00,6.885,7.208,6.633,6.959,8766233.0
2022-07-24 00:00:00+00:00,6.958,7.346,6.877,7.24,8657034.0
2022-07-25 00:00:00+00:00,7.24,7.518,6.807,7.043,29961895.0
2022-07-26 00:00:00+00:00,7.043,7.052,6.21,6.652,25204803.0
2022-07-27 00:00:00+00:00,6.653,8.199,6.498,8.035,30496340.0
2022-07-28 00:00:00+00:00,8.037,9.85,7.958,9.278,37149136.0
2022-07-29 00:00:00+00:00,9.283,9.414,8.6,9.081,16305086.0
2022-07-30 00:00:00+00:00,9.081,9.168,8.508,8.775,11729150.0
2022-07-31 00:00:00+00:00,8.776,9.153,8.309,8.326,10563634.0
2022-08-01 00:00:00+00:00,8.326,8.58,8.05,8.356,9923349.0
2022-08-02 00:00:00+00:00,8.359,8.683,7.813,8.247,15118301.0
2022-08-03 00:00:00+00:00,8.247,9.394,8.031,8.9,20129926.0
2022-08-04 00:00:00+00:00,8.897,9.124,8.514,8.816,15659549.0
2022-08-05 00:00:00+00:00,8.816,9.266,8.781,8.964,10090760.0
2022-08-06 00:00:00+00:00,8.963,9.141,8.7,8.769,6459545.0
2022-08-07 00:00:00+00:00,8.77,8.98,8.677,8.783,4267272.0
2022-08-08 00:00:00+00:00,8.782,9.287,8.712,8.782,9460334.0
2022-08-09 00:00:00+00:00,8.781,8.866,8.064,8.429,9739875.0
2022-08-10 00:00:00+00:00,8.43,9.463,8.169,9.214,16917923.0
2022-08-11 00:00:00+00:00,9.213,9.613,8.854,8.952,12115710.0
2022-08-12 00:00:00+00:00,8.955,9.255,8.731,9.197,7866909.0
2022-08-13 00:00:00+00:00,9.197,9.339,8.899,8.982,6731808.0
2022-08-14 00:00:00+00:00,8.983,9.613,8.74,8.874,12690395.0
2022-08-15 00:00:00+00:00,8.874,9.161,8.281,8.464,11186040.0
2022-08-16 00:00:00+00:00,8.463,8.566,8.182,8.333,10074790.0
2022-08-17 00:00:00+00:00,8.334,8.665,7.855,7.958,10594838.0
2022-08-18 00:00:00+00:00,7.959,8.2,7.393,7.568,10978592.0
2022-08-19 00:00:00+00:00,7.568,7.692,6.792,6.889,19134969.0
2022-08-20 00:00:00+00:00,6.889,7.191,6.722,6.994,10205595.0
2022-08-21 00:00:00+00:00,6.994,7.319,6.966,7.205,8514244.0
2022-08-22 00:00:00+00:00,7.205,7.336,6.61,6.976,13766766.0
2022-08-23 00:00:00+00:00,6.977,7.207,6.741,7.114,9326794.0
2022-08-24 00:00:00+00:00,7.115,7.283,6.867,7.043,8782130.0
2022-08-25 00:00:00+00:00,7.043,7.248,6.913,7.021,9862286.0
2022-08-26 00:00:00+00:00,7.02,7.022,6.07,6.153,15498466.0
2022-08-27 00:00:00+00:00,6.152,6.2,5.938,6.052,9214703.0
2022-08-28 00:00:00+00:00,6.05,6.106,5.7,5.734,9820847.0
2022-08-29 00:00:00+00:00,5.734,6.401,5.67,6.336,11076218.0
2022-08-30 00:00:00+00:00,6.336,6.453,5.937,6.172,10473268.0
2022-08-31 00:00:00+00:00,6.174,6.413,6.093,6.135,12233726.0
2022-09-01 00:00:00+00:00,6.135,6.363,5.95,6.314,8370256.0
2022-09-02 00:00:00+00:00,6.314,6.691,6.19,6.398,10731309.0
2022-09-03 00:00:00+00:00,6.396,6.405,6.216,6.302,4001103.0
2022-09-04 00:00:00+00:00,6.302,6.518,6.222,6.48,5384520.0
2022-09-05 00:00:00+00:00,6.48,6.664,6.183,6.578,8028826.0
2022-09-06 00:00:00+00:00,6.578,6.748,5.778,5.825,11920019.0
2022-09-07 00:00:00+00:00,5.827,6.227,5.702,6.113,7361645.0
2022-09-08 00:00:00+00:00,6.113,6.256,5.946,6.169,8896038.0
2022-09-09 00:00:00+00:00,6.169,6.71,6.165,6.498,11087345.0
2022-09-10 00:00:00+00:00,6.499,6.719,6.43,6.667,7157216.0
2022-09-11 00:00:00+00:00,6.668,6.727,6.359,6.482,6651079.0
2022-09-12 00:00:00+00:00,6.482,6.964,6.37,6.652,14737223.0
2022-09-13 00:00:00+00:00,6.651,6.768,5.989,6.032,9910147.0
2022-09-14 00:00:00+00:00,6.032,6.229,5.944,6.176,7383821.0
2022-09-15 00:00:00+00:00,6.174,6.233,5.771,5.88,9673425.0
2022-09-16 00:00:00+00:00,5.882,5.934,5.654,5.82,6881045.0
2022-09-17 00:00:00+00:00,5.818,6.036,5.809,6.009,5421939.0
2022-09-18 00:00:00+00:00,6.01,6.044,5.309,5.464,7884548.0
2022-09-19 00:00:00+00:00,5.466,5.521,5.189,5.474,9113308.0
2022-09-20 00:00:00+00:00,5.473,5.554,5.258,5.293,7655573.0
2022-09-21 00:00:00+00:00,5.293,5.756,5.139,5.328,12158276.0
2022-09-22 00:00:00+00:00,5.327,5.854,5.317,5.728,14788513.0
2022-09-23 00:00:00+00:00,5.727,5.988,5.696,5.909,10904027.0
2022-09-24 00:00:00+00:00,5.91,6.055,5.761,5.793,7278228.0
2022-09-25 00:00:00+00:00,5.791,5.953,5.609,5.653,5996996.0
2022-09-26 00:00:00+00:00,5.653,5.987,5.548,5.92,10775774.0
2022-09-27 00:00:00+00:00,5.92,6.7,5.905,6.366,37028382.0
2022-09-28 00:00:00+00:00,6.366,6.623,6.001,6.554,21025310.0
2022-09-29 00:00:00+00:00,6.555,6.567,6.118,6.369,14205640.0
2022-09-30 00:00:00+00:00,6.37,6.774,6.259,6.465,20367883.0
2022-10-01 00:00:00+00:00,6.465,6.659,6.384,6.393,13678651.0
2022-10-02 00:00:00+00:00,6.393,6.523,6.16,6.258,15081606.0
2022-10-03 00:00:00+00:00,6.257,6.808,6.182,6.625,18060870.0
2022-10-04 00:00:00+00:00,6.626,6.848,6.561,6.639,15993854.0
2022-10-05 00:00:00+00:00,6.64,6.82,6.47,6.807,10071106.0
2022-10-06 00:00:00+00:00,6.806,6.999,6.75,6.873,16935909.0
2022-10-07 00:00:00+00:00,6.873,7.072,6.681,6.785,15171758.0
2022-10-08 00:00:00+00:00,6.785,6.84,6.424,6.51,8815496.0
2022-10-09 00:00:00+00:00,6.51,6.65,6.484,6.629,5812073.0
2022-10-10 00:00:00+00:00,6.63,6.719,6.2,6.382,9758132.0
2022-10-11 00:00:00+00:00,6.382,6.507,5.938,5.995,13177279.0
2022-10-12 00:00:00+00:00,5.994,6.168,5.962,6.052,7863107.0
2022-10-13 00:00:00+00:00,6.052,6.21,5.283,6.136,27990161.0
2022-10-14 00:00:00+00:00,6.135,6.531,6.089,6.282,19061688.0
2022-10-15 00:00:00+00:00,6.281,6.335,5.988,6.04,7395532.0
2022-10-16 00:00:00+00:00,6.041,6.168,5.962,6.1,6316044.0
2022-10-17 00:00:00+00:00,6.1,6.448,6.031,6.392,9115668.0
2022-10-18 00:00:00+00:00,6.393,6.654,6.203,6.514,12423419.0
2022-10-19 00:00:00+00:00,6.514,6.77,6.38,6.564,19754982.0
2022-10-20 00:00:00+00:00,6.564,6.586,6.005,6.089,16989810.0
2022-10-21 00:00:00+00:00,6.089,6.166,5.811,6.029,15390149.0
2022-10-22 00:00:00+00:00,6.03,6.154,5.973,6.086,6720207.0
2022-10-23 00:00:00+00:00,6.085,6.289,5.964,6.281,8383560.0
2022-10-24 00:00:00+00:00,6.28,6.365,6.061,6.137,9134838.0
2022-10-25 00:00:00+00:00,6.137,6.77,6.067,6.566,14499502.0
2022-10-26 00:00:00+00:00,6.566,6.89,6.511,6.689,12671818.0
2022-10-27 00:00:00+00:00,6.688,7.207,6.672,6.797,17515592.0
2022-10-28 00:00:00+00:00,6.797,6.985,6.504,6.848,17606335.0
2022-10-29 00:00:00+00:00,6.849,7.229,6.704,7.093,15283606.0
2022-10-30 00:00:00+00:00,7.093,7.365,6.777,6.895,11000894.0
2022-10-31 00:00:00+00:00,6.895,7.124,6.69,6.953,10891900.0
2022-11-01 00:00:00+00:00,6.953,7.45,6.905,7.116,18730875.0
2022-11-02 00:00:00+00:00,7.116,7.376,6.826,7.084,16506133.0
2022-11-03 00:00:00+00:00,7.085,7.406,6.883,6.916,11591494.0
2022-11-04 00:00:00+00:00,6.916,7.76,6.802,7.556,17290946.0
2022-11-05 00:00:00+00:00,7.557,7.789,7.518,7.674,10543475.0
2022-11-06 00:00:00+00:00,7.675,7.774,7.042,7.052,10185862.0
2022-11-07 00:00:00+00:00,7.051,7.702,6.856,7.001,20843035.0
2022-11-08 00:00:00+00:00,7.001,7.095,5.397,6.064,32102394.0
2022-11-09 00:00:00+00:00,6.061,6.219,4.69,4.895,35296973.0
2022-11-10 00:00:00+00:00,4.893,5.914,4.78,5.762,23595238.0
2022-11-11 00:00:00+00:00,5.762,6.244,5.44,6.091,24693551.0
2022-11-12 00:00:00+00:00,6.091,6.19,5.281,5.56,19887812.0
2022-11-13 00:00:00+00:00,5.56,6.17,5.513,5.804,23927568.0
2022-11-14 00:00:00+00:00,5.805,6.12,5.37,6.093,19080709.0
2022-11-15 00:00:00+00:00,6.093,6.504,5.96,6.279,17010292.0
2022-11-16 00:00:00+00:00,6.279,6.41,5.82,5.949,12726506.0
2022-11-17 00:00:00+00:00,5.949,6.051,5.655,5.728,10802328.0
2022-11-18 00:00:00+00:00,5.728,6.05,5.72,5.849,10386069.0
2022-11-19 00:00:00+00:00,5.85,5.88,5.646,5.757,7658382.0
2022-11-20 00:00:00+00:00,5.757,5.819,5.38,5.431,8369088.0
2022-11-21 00:00:00+00:00,5.431,5.613,5.071,5.184,14340891.0
2022-11-22 00:00:00+00:00,5.184,5.387,4.95,5.311,11683177.0
2022-11-23 00:00:00+00:00,5.312,5.547,5.249,5.488,7908406.0
2022-11-24 00:00:00+00:00,5.488,5.589,5.379,5.454,7372795.0
2022-11-25 00:00:00+00:00,5.453,5.512,5.289,5.411,9379175.0
2022-11-26 00:00:00+00:00,5.411,5.627,5.355,5.414,7341213.0
2022-11-27 00:00:00+00:00,5.414,5.62,5.375,5.395,6664271.0
2022-11-28 00:00:00+00:00,5.395,5.456,5.136,5.281,7980505.0
2022-11-29 00:00:00+00:00,5.282,5.535,5.25,5.452,6250884.0
2022-11-30 00:00:00+00:00,5.452,5.901,5.451,5.85,17197645.0
2022-12-01 00:00:00+00:00,5.851,5.988,5.703,5.915,9767575.0
2022-12-02 00:00:00+00:00,5.916,6.548,5.851,6.341,19719820.0
2022-12-03 00:00:00+00:00,6.34,6.44,6.05,6.094,10629825.0
2022-12-04 00:00:00+00:00,6.093,6.297,6.092,6.258,5322145.0
2022-12-05 00:00:00+00:00,6.258,6.423,6.109,6.171,7379926.0
2022-12-06 00:00:00+00:00,6.172,6.24,6.025,6.179,7727708.0
2022-12-07 00:00:00+00:00,6.181,6.287,5.845,5.999,7965060.0
2022-12-08 00:00:00+00:00,5.998,6.228,5.913,6.18,8362145.0
2022-12-09 00:00:00+00:00,6.18,6.29,6.053,6.164,8378814.0
2022-12-10 00:00:00+00:00,6.164,6.219,6.056,6.078,4127962.0
2022-12-11 00:00:00+00:00,6.078,6.108,5.858,5.915,5248260.0
2022-12-12 00:00:00+00:00,5.916,5.972,5.733,5.923,6205063.0
2022-12-13 00:00:00+00:00,5.922,6.257,5.829,6.105,8947931.0
2022-12-14 00:00:00+00:00,6.105,6.179,5.897,5.903,7931273.0
2022-12-15 00:00:00+00:00,5.904,6.011,5.76,5.796,6206749.0
2022-12-16 00:00:00+00:00,5.797,5.877,5.201,5.294,8246503.0
2022-12-17 00:00:00+00:00,5.293,5.438,5.231,5.382,5699103.0
2022-12-18 00:00:00+00:00,5.382,5.402,5.3,5.323,2708900.0
2022-12-19 00:00:00+00:00,5.325,5.425,4.994,5.088,5830014.0
2022-12-20 00:00:00+00:00,5.086,5.392,5.044,5.356,5187919.0
2022-12-21 00:00:00+00:00,5.356,5.365,5.194,5.32,4019332.0
2022-12-22 00:00:00+00:00,5.319,5.389,5.124,5.367,5324060.0
2022-12-23 00:00:00+00:00,5.368,5.405,5.227,5.262,3679142.0
2022-12-24 00:00:00+00:00,5.261,5.266,5.17,5.197,2184476.0
2022-12-25 00:00:00+00:00,5.196,5.235,5.047,5.157,3623064.0
2022-12-26 00:00:00+00:00,5.157,5.215,5.125,5.201,2765710.0
2022-12-27 00:00:00+00:00,5.201,5.322,5.089,5.191,3980887.0
2022-12-28 00:00:00+00:00,5.192,5.202,4.934,4.967,7694425.0
2022-12-29 00:00:00+00:00,4.967,5.138,4.938,5.043,5376511.0
2022-12-30 00:00:00+00:00,5.043,5.112,4.942,5.098,3704688.0
2022-12-31 00:00:00+00:00,5.099,5.201,5.05,5.166,2602892.0
2023-01-01 00:00:00+00:00,5.166,5.269,5.094,5.247,2984664.0
2023-01-02 00:00:00+00:00,5.247,5.465,5.174,5.369,6484001.0
2023-01-03 00:00:00+00:00,5.369,5.419,5.272,5.375,4315973.0
2023-01-04 00:00:00+00:00,5.375,5.592,5.36,5.529,5761548.0
2023-01-05 00:00:00+00:00,5.529,5.558,5.309,5.373,3741013.0
2023-01-06 00:00:00+00:00,5.373,5.533,5.237,5.518,5401605.0
2023-01-07 00:00:00+00:00,5.519,5.564,5.39,5.412,2964356.0
2023-01-08 00:00:00+00:00,5.414,5.61,5.339,5.579,3937791.0
2023-01-09 00:00:00+00:00,5.578,5.964,5.56,5.784,7208726.0
2023-01-10 00:00:00+00:00,5.784,5.878,5.659,5.781,5029817.0
2023-01-11 00:00:00+00:00,5.781,5.956,5.599,5.914,5842294.0
2023-01-12 00:00:00+00:00,5.913,6.191,5.85,6.177,10192314.0
2023-01-13 00:00:00+00:00,6.177,6.364,6.01,6.308,7304128.0
2023-01-14 00:00:00+00:00,6.307,6.974,6.289,6.624,13167626.0
2023-01-15 00:00:00+00:00,6.626,6.685,6.385,6.594,7882590.0
2023-01-16 00:00:00+00:00,6.595,6.75,6.27,6.54,11319498.0
2023-01-17 00:00:00+00:00,6.542,6.653,6.316,6.342,8048248.0
2023-01-18 00:00:00+00:00,6.343,6.823,5.963,6.037,17094605.0
2023-01-19 00:00:00+00:00,6.038,6.194,5.976,6.164,5776595.0
2023-01-20 00:00:00+00:00,6.164,6.71,6.069,6.67,6819919.0
2023-01-21 00:00:00+00:00,6.672,6.828,6.512,6.665,8557579.0
2023-01-22 00:00:00+00:00,6.666,7.117,6.607,6.893,10853281.0
2023-01-23 00:00:00+00:00,6.892,7.042,6.56,6.723,12148823.0
2023-01-24 00:00:00+00:00,6.724,6.838,6.2,6.295,9558279.0
2023-01-25 00:00:00+00:00,6.294,6.703,6.1,6.596,10208037.0
2023-01-26 00:00:00+00:00,6.595,6.802,6.443,6.743,8729547.0
2023-01-27 00:00:00+00:00,6.744,6.882,6.556,6.876,7685480.0
2023-01-28 00:00:00+00:00,6.876,6.92,6.545,6.634,5834860.0
2023-01-29 00:00:00+00:00,6.633,6.992,6.554,6.929,7062968.0
2023-01-30 00:00:00+00:00,6.93,7.017,6.339,6.515,8549057.0
2023-01-31 00:00:00+00:00,6.514,6.653,6.431,6.559,5701563.0
2023-02-01 00:00:00+00:00,6.558,6.92,6.313,6.806,8254498.0
2023-02-02 00:00:00+00:00,6.806,7.539,6.805,7.122,14918274.0
2023-02-03 00:00:00+00:00,7.121,7.3,6.925,7.065,10446862.0
2023-02-04 00:00:00+00:00,7.065,7.357,7.017,7.211,6496719.0
2023-02-05 00:00:00+00:00,7.211,7.334,6.749,6.89,8401609.0
2023-02-06 00:00:00+00:00,6.891,6.981,6.591,6.649,7271256.0
2023-02-07 00:00:00+00:00,6.648,7.016,6.631,6.986,6825594.0
2023-02-08 00:00:00+00:00,6.986,7.07,6.578,6.812,7250596.0
2023-02-09 00:00:00+00:00,6.813,6.867,6.143,6.324,12208271.0
2023-02-10 00:00:00+00:00,6.325,6.478,6.24,6.358,8527760.0
2023-02-11 00:00:00+00:00,6.357,6.498,6.328,6.476,3749123.0
2023-02-12 00:00:00+00:00,6.475,6.554,6.285,6.34,3640068.0
2023-02-13 00:00:00+00:00,6.341,6.378,6.077,6.241,8888536.0
2023-02-14 00:00:00+00:00,6.241,6.585,6.201,6.583,6720652.0
2023-02-15 00:00:00+00:00,6.584,6.945,6.493,6.929,7724454.0
2023-02-16 00:00:00+00:00,6.93,7.019,6.464,6.475,9556759.0
2023-02-17 00:00:00+00:00,6.474,6.825,6.439,6.737,8865532.0
2023-02-18 00:00:00+00:00,6.736,7.155,6.726,6.975,9250829.0
2023-02-19 00:00:00+00:00,6.974,7.614,6.958,7.208,11881104.0
2023-02-20 00:00:00+00:00,7.208,7.379,7.037,7.377,7890909.0
2023-02-21 00:00:00+00:00,7.376,7.444,6.853,7.038,9171549.0
2023-02-22 00:00:00+00:00,7.038,7.055,6.71,6.935,7361135.0
2023-02-23 00:00:00+00:00,6.935,7.054,6.811,6.95,5657906.0
2023-02-24 00:00:00+00:00,6.95,7.053,6.461,6.571,7606273.0
2023-02-25 00:00:00+00:00,6.571,6.621,6.268,6.467,4821335.0
2023-02-26 00:00:00+00:00,6.466,6.651,6.423,6.607,3113837.0
2023-02-27 00:00:00+00:00,6.607,6.646,6.37,6.434,5674350.0
2023-02-28 00:00:00+00:00,6.435,6.626,6.397,6.499,6801132.0
2023-03-01 00:00:00+00:00,6.499,6.872,6.464,6.84,8795093.0
2023-03-02 00:00:00+00:00,6.841,6.896,6.555,6.634,6280168.0
2023-03-03 00:00:00+00:00,6.635,6.64,6.085,6.269,9281787.0
2023-03-04 00:00:00+00:00,6.27,6.295,6.003,6.159,5749967.0
2023-03-05 00:00:00+00:00,6.159,6.386,6.117,6.347,7512337.0
2023-03-06 00:00:00+00:00,6.347,6.442,6.241,6.335,8849840.0
2023-03-07 00:00:00+00:00,6.336,6.482,6.26,6.427,10219052.0
2023-03-08 00:00:00+00:00,6.427,6.498,6.053,6.1,11567583.0
2023-03-09 00:00:00+00:00,6.1,6.198,5.587,5.723,12881321.0
2023-03-10 00:00:00+00:00,5.723,5.73,5.356,5.616,12659522.0
2023-03-11 00:00:00+00:00,5.617,5.78,5.222,5.431,14618716.0
2023-03-12 00:00:00+00:00,5.432,5.91,5.376,5.899,9179779.0
2023-03-13 00:00:00+00:00,5.898,6.207,5.788,6.091,15975130.0
2023-03-14 00:00:00+00:00,6.092,6.594,5.972,6.32,14601725.0
2023-03-15 00:00:00+00:00,6.319,6.435,5.72,5.908,13747127.0
2023-03-16 00:00:00+00:00,5.907,5.994,5.779,5.9,8720229.0
2023-03-17 00:00:00+00:00,5.9,6.432,5.822,6.403,12506480.0
2023-03-18 00:00:00+00:00,6.403,6.624,6.29,6.512,12637142.0
2023-03-19 00:00:00+00:00,6.51,6.712,6.405,6.484,11774123.0
2023-03-20 00:00:00+00:00,6.484,6.577,6.147,6.175,11121793.0
2023-03-21 00:00:00+00:00,6.175,6.513,6.032,6.421,11132424.0
2023-03-22 00:00:00+00:00,6.419,6.448,5.895,6.068,12068743.0
2023-03-23 00:00:00+00:00,6.067,6.442,6.009,6.238,9167865.0
2023-03-24 00:00:00+00:00,6.238,6.286,5.8,5.879,13352814.0
2023-03-25 00:00:00+00:00,5.879,5.909,5.656,5.707,7160927.0
2023-03-26 00:00:00+00:00,5.708,5.868,5.676,5.781,5544052.0
2023-03-27 00:00:00+00:00,5.781,5.823,5.492,5.644,8749612.0
2023-03-28 00:00:00+00:00,5.644,5.887,5.567,5.802,7381327.0
2023-03-29 00:00:00+00:00,5.803,6.029,5.803,5.942,6782170.0
2023-03-30 00:00:00+00:00,5.941,6.07,5.823,5.895,8798361.0
2023-03-31 00:00:00+00:00,5.896,6.125,5.863,6.061,6851452.0
2023-04-01 00:00:00+00:00,6.061,6.193,6.017,6.096,5706988.0
2023-04-02 00:00:00+00:00,6.096,6.118,5.877,5.944,6019356.0
2023-04-03 00:00:00+00:00,5.944,6.081,5.808,5.926,9187357.0
2023-04-04 00:00:00+00:00,5.926,6.206,5.872,6.151,7727002.0
2023-04-05 00:00:00+00:00,6.151,6.344,6.124,6.228,7581018.0
2023-04-06 00:00:00+00:00,6.227,6.238,6.031,6.072,6087726.0
2023-04-07 00:00:00+00:00,6.073,6.099,5.944,5.999,5612071.0
2023-04-08 00:00:00+00:00,5.998,6.052,5.885,5.91,4836293.0
2023-04-09 00:00:00+00:00,5.91,5.956,5.811,5.909,6179465.0
2023-04-10 00:00:00+00:00,5.908,6.043,5.826,6.008,6807823.0
2023-04-11 00:00:00+00:00,6.009,6.093,5.911,5.929,6995317.0
2023-04-12 00:00:00+00:00,5.929,6.004,5.705,5.945,9674633.0
2023-04-13 00:00:00+00:00,5.946,6.243,5.893,6.207,10584828.0
2023-04-14 00:00:00+00:00,6.208,6.473,6.116,6.303,14086939.0
2023-04-15 00:00:00+00:00,6.302,6.367,6.22,6.268,6569924.0
2023-04-16 00:00:00+00:00,6.268,6.508,6.136,6.316,11783756.0
2023-04-17 00:00:00+00:00,6.315,6.328,6.06,6.131,11396364.0
2023-04-18 00:00:00+00:00,6.131,6.378,6.026,6.33,11269782.0
2023-04-19 00:00:00+00:00,6.331,6.504,5.71,5.827,18130704.0
2023-04-20 00:00:00+00:00,5.826,5.96,5.643,5.78,10830917.0
2023-04-21 00:00:00+00:00,5.781,5.835,5.35,5.465,11352277.0
2023-04-22 00:00:00+00:00,5.465,5.548,5.44,5.498,5968269.0
2023-04-23 00:00:00+00:00,5.499,5.537,5.301,5.425,7652697.0
2023-04-24 00:00:00+00:00,5.425,5.518,5.286,5.355,7365326.0
2023-04-25 00:00:00+00:00,5.355,5.471,5.227,5.449,8024089.0
2023-04-26 00:00:00+00:00,5.449,5.679,5.116,5.352,12374166.0
2023-04-27 00:00:00+00:00,5.352,5.59,5.337,5.551,12151599.0
2023-04-28 00:00:00+00:00,5.551,5.566,5.437,5.521,4614508.0
2023-04-29 00:00:00+00:00,5.522,5.636,5.493,5.63,4226904.0
2023-04-30 00:00:00+00:00,5.63,5.669,5.43,5.445,6186851.0
2023-05-01 00:00:00+00:00,5.445,5.49,5.258,5.327,7124410.0
2023-05-02 00:00:00+00:00,5.327,5.354,5.226,5.322,5783422.0
2023-05-03 00:00:00+00:00,5.323,5.397,5.175,5.387,8000151.0
2023-05-04 00:00:00+00:00,5.387,5.398,5.206,5.261,6228304.0
2023-05-05 00:00:00+00:00,5.262,5.612,5.235,5.541,12918775.0
2023-05-06 00:00:00+00:00,5.542,5.602,5.252,5.284,11375794.0
2023-05-07 00:00:00+00:00,5.285,5.347,5.232,5.259,5465529.0
2023-05-08 00:00:00+00:00,5.26,5.277,4.743,4.963,14057365.0
2023-05-09 00:00:00+00:00,4.964,5.011,4.883,4.952,7338091.0
2023-05-10 00:00:00+00:00,4.951,5.136,4.84,5.129,11429619.0
2023-05-11 00:00:00+00:00,5.129,5.196,4.865,5.06,14079076.0
2023-05-12 00:00:00+00:00,5.06,5.211,4.898,5.191,11083581.0
2023-05-13 00:00:00+00:00,5.192,5.207,5.072,5.1,4687427.0
2023-05-14 00:00:00+00:00,5.101,5.185,5.07,5.136,4523685.0
2023-05-15 00:00:00+00:00,5.135,5.219,5.068,5.114,6532595.0
2023-05-16 00:00:00+00:00,5.114,5.155,5.029,5.139,7353740.0
2023-05-17 00:00:00+00:00,5.14,5.339,5.105,5.335,11444941.0
2023-05-18 00:00:00+00:00,5.334,5.425,5.206,5.305,11047282.0
2023-05-19 00:00:00+00:00,5.305,5.373,5.255,5.315,6613437.0
2023-05-20 00:00:00+00:00,5.314,5.318,5.24,5.288,4244857.0
2023-05-21 00:00:00+00:00,5.289,5.298,5.084,5.11,6030175.0
2023-05-22 00:00:00+00:00,5.11,5.139,5.042,5.072,7604546.0
2023-05-23 00:00:00+00:00,5.073,5.2,5.025,5.071,9554773.0
2023-05-24 00:00:00+00:00,5.07,5.071,4.85,4.971,8854140.0
2023-05-25 00:00:00+00:00,4.971,4.98,4.858,4.949,5859984.0
2023-05-26 00:00:00+00:00,4.95,5.017,4.935,4.972,4953617.0
2023-05-27 00:00:00+00:00,4.973,5.044,4.96,5.04,3998489.0
2023-05-28 00:00:00+00:00,5.039,5.172,5.025,5.142,4627369.0
2023-05-29 00:00:00+00:00,5.142,5.168,5.079,5.097,5954818.0
2023-05-30 00:00:00+00:00,5.097,5.201,5.086,5.134,6233526.0
2023-05-31 00:00:00+00:00,5.135,5.157,4.983,5.02,7645128.0
2023-06-01 00:00:00+00:00,5.021,5.054,4.95,4.978,4240258.0
2023-06-02 00:00:00+00:00,4.979,5.093,4.938,5.067,3930071.0
2023-06-03 00:00:00+00:00,5.067,5.103,5.04,5.082,2793193.0
2023-06-04 00:00:00+00:00,5.082,5.13,4.981,5.013,4698376.0
2023-06-05 00:00:00+00:00,5.012,5.02,4.505,4.72,11044508.0
2023-06-06 00:00:00+00:00,4.72,4.842,4.666,4.769,6950462.0
2023-06-07 00:00:00+00:00,4.77,4.791,4.487,4.552,9616718.0
2023-06-08 00:00:00+00:00,4.552,4.671,4.515,4.628,5288666.0
2023-06-09 00:00:00+00:00,4.629,4.669,4.534,4.581,5971281.0
2023-06-10 00:00:00+00:00,4.581,4.594,3.558,4.061,25102840.0
2023-06-11 00:00:00+00:00,4.061,4.111,4.008,4.058,5707994.0
2023-06-12 00:00:00+00:00,4.058,4.307,3.936,4.296,11879789.0
2023-06-13 00:00:00+00:00,4.296,4.521,4.201,4.287,21283007.0
2023-06-14 00:00:00+00:00,4.286,4.648,4.244,4.403,31263835.0
2023-06-15 00:00:00+00:00,4.403,4.596,4.221,4.423,36165039.0
2023-06-16 00:00:00+00:00,4.424,4.639,4.356,4.551,13450991.0
2023-06-17 00:00:00+00:00,4.551,4.679,4.504,4.526,8615738.0
2023-06-18 00:00:00+00:00,4.527,4.613,4.44,4.479,7279385.0
2023-06-19 00:00:00+00:00,4.479,4.508,4.342,4.479,10319167.0
2023-06-20 00:00:00+00:00,4.479,4.633,4.332,4.571,11288844.0
2023-06-21 00:00:00+00:00,4.571,4.82,4.52,4.767,14077465.0
2023-06-22 00:00:00+00:00,4.768,4.902,4.661,4.723,9981767.0
2023-06-23 00:00:00+00:00,4.723,4.928,4.704,4.86,9150770.0
2023-06-24 00:00:00+00:00,4.861,4.871,4.672,4.73,6945725.0
2023-06-25 00:00:00+00:00,4.73,5.512,4.705,5.422,38591287.0
2023-06-26 00:00:00+00:00,5.422,5.55,5.16,5.267,33459550.0
2023-06-27 00:00:00+00:00,5.268,5.362,5.218,5.279,10121285.0
2023-06-28 00:00:00+00:00,5.278,5.283,4.727,4.83,13263903.0
2023-06-29 00:00:00+00:00,4.83,5.045,4.813,4.92,10584054.0
2023-06-30 00:00:00+00:00,4.921,5.34,4.772,5.268,19677186.0
2023-07-01 00:00:00+00:00,5.268,5.606,5.171,5.587,14299902.0
2023-07-02 00:00:00+00:00,5.586,5.691,5.42,5.566,14627409.0
2023-07-03 00:00:00+00:00,5.566,5.784,5.492,5.521,11292405.0
2023-07-04 00:00:00+00:00,5.521,5.599,5.357,5.503,11235998.0
2023-07-05 00:00:00+00:00,5.503,5.733,5.3,5.406,13208915.0
2023-07-06 00:00:00+00:00,5.406,5.639,5.238,5.26,12569274.0
2023-07-07 00:00:00+00:00,5.26,5.571,5.208,5.476,15047841.0
2023-07-08 00:00:00+00:00,5.476,5.486,5.169,5.246,8397071.0
2023-07-09 00:00:00+00:00,5.247,5.333,5.194,5.225,7196598.0
2023-07-10 00:00:00+00:00,5.226,5.359,5.06,5.234,12043532.0
2023-07-11 00:00:00+00:00,5.233,5.307,5.183,5.259,8251122.0
2023-07-12 00:00:00+00:00,5.258,5.378,5.176,5.272,9334313.0
2023-07-13 00:00:00+00:00,5.271,5.88,5.214,5.873,15956080.0
2023-07-14 00:00:00+00:00,5.873,6.166,5.689,5.87,23180292.0
2023-07-15 00:00:00+00:00,5.87,5.932,5.756,5.812,7816621.0
2023-07-16 00:00:00+00:00,5.812,5.866,5.65,5.718,9260881.0
2023-07-17 00:00:00+00:00,5.717,6.139,5.674,5.908,35114027.0
2023-07-18 00:00:00+00:00,5.909,6.275,5.856,5.906,36603673.0
2023-07-19 00:00:00+00:00,5.906,6.049,5.804,5.871,14025492.0
2023-07-20 00:00:00+00:00,5.871,6.162,5.812,6.013,18583237.0
2023-07-21 00:00:00+00:00,6.013,6.386,5.939,6.201,26111926.0
2023-07-22 00:00:00+00:00,6.202,6.256,5.95,5.988,11209699.0
2023-07-23 00:00:00+00:00,5.988,6.228,5.969,6.134,10629772.0
2023-07-24 00:00:00+00:00,6.134,6.18,5.707,5.776,13403111.0
2023-07-25 00:00:00+00:00,5.775,5.811,5.688,5.788,7572461.0
2023-07-26 00:00:00+00:00,5.788,5.899,5.718,5.84,10028554.0
2023-07-27 00:00:00+00:00,5.84,5.976,5.795,5.87,10397784.0
2023-07-28 00:00:00+00:00,5.869,6.02,5.861,6.008,9047079.0
2023-07-29 00:00:00+00:00,6.009,6.355,6.001,6.321,12423938.0
2023-07-30 00:00:00+00:00,6.321,6.455,6.25,6.414,24357191.0
2023-07-31 00:00:00+00:00,6.413,6.628,6.379,6.524,29530790.0
2023-08-01 00:00:00+00:00,6.525,6.695,6.32,6.683,25958316.0
2023-08-02 00:00:00+00:00,6.683,6.693,6.123,6.152,26611246.0
2023-08-03 00:00:00+00:00,6.152,6.259,6.048,6.095,17594341.0
2023-08-04 00:00:00+00:00,6.094,6.219,6.0,6.068,11784736.0
2023-08-05 00:00:00+00:00,6.068,6.096,5.929,6.089,8595645.0
2023-08-06 00:00:00+00:00,6.089,6.163,5.936,5.953,8542021.0
2023-08-07 00:00:00+00:00,5.953,6.015,5.72,5.871,12780566.0
2023-08-08 00:00:00+00:00,5.871,6.146,5.815,6.079,11385293.0
2023-08-09 00:00:00+00:00,6.08,6.3,6.031,6.247,12814419.0
2023-08-10 00:00:00+00:00,6.248,6.38,6.149,6.19,14181565.0
2023-08-11 00:00:00+00:00,6.19,6.218,6.103,6.201,7912272.0
2023-08-12 00:00:00+00:00,6.2,6.256,6.118,6.222,6289470.0
2023-08-13 00:00:00+00:00,6.223,6.231,6.05,6.083,5294656.0
2023-08-14 00:00:00+00:00,6.083,6.37,6.074,6.26,9010585.0
2023-08-15 00:00:00+00:00,6.261,6.299,5.932,5.95,12854348.0
2023-08-16 00:00:00+00:00,5.95,5.952,5.284,5.456,20063921.0
2023-08-17 00:00:00+00:00,5.455,5.504,4.5,4.985,23974510.0
2023-08-18 00:00:00+00:00,4.986,5.049,4.811,4.903,11939556.0
2023-08-19 00:00:00+00:00,4.903,4.998,4.853,4.906,6131790.0
2023-08-20 00:00:00+00:00,4.906,4.934,4.855,4.899,5975586.0
2023-08-21 00:00:00+00:00,4.9,4.918,4.696,4.76,9683471.0
2023-08-22 00:00:00+00:00,4.76,4.78,4.488,4.667,13701980.0
2023-08-23 00:00:00+00:00,4.668,4.86,4.646,4.761,12857369.0
2023-08-24 00:00:00+00:00,4.761,4.814,4.592,4.658,9310605.0
2023-08-25 00:00:00+00:00,4.657,4.668,4.513,4.549,11407012.0
2023-08-26 00:00:00+00:00,4.549,4.643,4.528,4.598,4953167.0
2023-08-27 00:00:00+00:00,4.598,4.707,4.595,4.682,6834509.0
2023-08-28 00:00:00+00:00,4.682,4.736,4.56,4.669,11031224.0
2023-08-29 00:00:00+00:00,4.669,4.873,4.563,4.797,15260007.0
2023-08-30 00:00:00+00:00,4.797,4.805,4.632,4.638,7729697.0
2023-08-31 00:00:00+00:00,4.638,4.678,4.294,4.368,13903780.0
2023-09-01 00:00:00+00:00,4.368,4.422,4.23,4.262,9771344.0
2023-09-02 00:00:00+00:00,4.262,4.399,4.246,4.397,6735583.0
2023-09-03 00:00:00+00:00,4.398,4.468,4.359,4.408,7624951.0
2023-09-04 00:00:00+00:00,4.407,4.5,4.358,4.44,7191677.0
2023-09-05 00:00:00+00:00,4.44,4.453,4.271,4.378,8452283.0
2023-09-06 00:00:00+00:00,4.378,4.497,4.336,4.458,7976888.0
2023-09-07 00:00:00+00:00,4.458,4.53,4.406,4.474,6908120.0
2023-09-08 00:00:00+00:00,4.475,4.489,4.291,4.363,6683401.0
2023-09-09 00:00:00+00:00,4.363,4.374,4.3,4.318,2896802.0
2023-09-10 00:00:00+00:00,4.319,4.32,4.09,4.216,10400329.0
2023-09-11 00:00:00+00:00,4.217,4.249,4.029,4.107,10749307.0
2023-09-12 00:00:00+00:00,4.106,4.345,4.085,4.192,9580035.0
2023-09-13 00:00:00+00:00,4.193,4.309,4.176,4.251,6917458.0
2023-09-14 00:00:00+00:00,4.25,4.357,4.245,4.268,6275428.0
2023-09-15 00:00:00+00:00,4.268,4.376,4.22,4.35,6373282.0
2023-09-16 00:00:00+00:00,4.349,4.417,4.294,4.333,6764363.0
2023-09-17 00:00:00+00:00,4.333,4.392,4.226,4.279,8096705.0
2023-09-18 00:00:00+00:00,4.279,4.458,4.233,4.357,9326084.0
2023-09-19 00:00:00+00:00,4.357,4.48,4.332,4.404,7096360.0
2023-09-20 00:00:00+00:00,4.404,4.428,4.302,4.36,5840462.0
2023-09-21 00:00:00+00:00,4.361,4.393,4.204,4.237,5704664.0
2023-09-22 00:00:00+00:00,4.238,4.274,4.189,4.256,4842533.0
2023-09-23 00:00:00+00:00,4.257,4.308,4.231,4.277,3861027.0
2023-09-24 00:00:00+00:00,4.277,4.307,4.203,4.233,4011794.0
2023-09-25 00:00:00+00:00,4.233,4.304,4.194,4.269,4457712.0
2023-09-26 00:00:00+00:00,4.269,4.316,4.195,4.257,4204619.0
2023-09-27 00:00:00+00:00,4.257,4.42,4.197,4.247,9953147.0
2023-09-28 00:00:00+00:00,4.247,4.52,4.235,4.416,9903021.0
2023-09-29 00:00:00+00:00,4.416,4.5,4.322,4.398,7738712.0
2023-09-30 00:00:00+00:00,4.399,4.477,4.385,4.454,4677075.0
2023-10-01 00:00:00+00:00,4.454,4.673,4.441,4.652,8261152.0
2023-10-02 00:00:00+00:00,4.652,4.684,4.405,4.454,8926133.0
2023-10-03 00:00:00+00:00,4.455,4.518,4.324,4.359,5968932.0
2023-10-04 00:00:00+00:00,4.358,4.36,4.222,4.305,7111380.0
2023-10-05 00:00:00+00:00,4.306,4.341,4.251,4.302,5977591.0
2023-10-06 00:00:00+00:00,4.302,4.424,4.284,4.392,5656720.0
2023-10-07 00:00:00+00:00,4.393,4.421,4.335,4.371,3352012.0
2023-10-08 00:00:00+00:00,4.371,4.382,4.274,4.334,3457604.0
2023-10-09 00:00:00+00:00,4.334,4.366,4.034,4.14,8999557.0
2023-10-10 00:00:00+00:00,4.141,4.168,4.053,4.119,6259663.0
2023-10-11 00:00:00+00:00,4.119,4.15,4.04,4.126,5892708.0
2023-10-12 00:00:00+00:00,4.125,4.145,3.963,3.998,7194628.0
2023-10-13 00:00:00+00:00,3.999,4.094,3.97,4.027,6207445.0
2023-10-14 00:00:00+00:00,4.027,4.1,4.018,4.082,3826338.0
2023-10-15 00:00:00+00:00,4.082,4.147,4.062,4.101,4116949.0
2023-10-16 00:00:00+00:00,4.101,4.3,4.096,4.116,11061712.0
2023-10-17 00:00:00+00:00,4.115,4.123,3.826,3.885,12466442.0
2023-10-18 00:00:00+00:00,3.885,3.971,3.842,3.93,10499065.0
2023-10-19 00:00:00+00:00,3.929,3.942,3.85,3.928,7542064.0
2023-10-20 00:00:00+00:00,3.928,4.112,3.916,3.995,10697011.0
2023-10-21 00:00:00+00:00,3.995,4.159,3.956,4.141,8292349.0
2023-10-22 00:00:00+00:00,4.141,4.248,4.055,4.212,9540799.0
2023-10-23 00:00:00+00:00,4.213,4.428,4.183,4.38,17985893.0
2023-10-24 00:00:00+00:00,4.38,4.5,4.108,4.219,25508913.0
2023-10-25 00:00:00+00:00,4.218,4.34,4.12,4.167,19930408.0
2023-10-26 00:00:00+00:00,4.167,4.381,3.995,4.107,28287544.0
2023-10-27 00:00:00+00:00,4.108,4.144,3.95,4.023,15922556.0
2023-10-28 00:00:00+00:00,4.024,4.139,4.017,4.084,8303368.0
2023-10-29 00:00:00+00:00,4.083,4.217,4.02,4.158,15671559.0
2023-10-30 00:00:00+00:00,4.158,4.238,4.054,4.182,18122569.0
2023-10-31 00:00:00+00:00,4.181,4.255,3.97,4.15,29027639.0
2023-11-01 00:00:00+00:00,4.15,4.873,4.005,4.802,64356774.0
2023-11-02 00:00:00+00:00,4.802,4.929,4.46,4.696,66522403.0
2023-11-03 00:00:00+00:00,4.696,4.784,4.467,4.656,32003430.0
2023-11-04 00:00:00+00:00,4.657,4.792,4.607,4.716,15151790.0
2023-11-05 00:00:00+00:00,4.716,4.916,4.621,4.778,21502433.0
2023-11-06 00:00:00+00:00,4.777,5.161,4.662,5.114,27993608.0
2023-11-07 00:00:00+00:00,5.114,5.117,4.77,4.935,18817435.0
2023-11-08 00:00:00+00:00,4.935,5.278,4.892,5.183,18666903.0
2023-11-09 00:00:00+00:00,5.184,5.399,4.58,5.121,36900942.0
2023-11-10 00:00:00+00:00,5.12,5.38,5.06,5.287,22790322.0
2023-11-11 00:00:00+00:00,5.286,5.543,5.155,5.4,22927504.0
2023-11-12 00:00:00+00:00,5.4,5.529,5.201,5.424,14796482.0
2023-11-13 00:00:00+00:00,5.425,5.635,5.2,5.226,22522867.0
2023-11-14 00:00:00+00:00,5.227,5.312,4.786,5.062,19849319.0
2023-11-15 00:00:00+00:00,5.062,5.392,5.056,5.389,16278260.0
2023-11-16 00:00:00+00:00,5.389,5.595,5.106,5.2,23208115.0
2023-11-17 00:00:00+00:00,5.201,5.405,4.848,5.109,19629510.0
2023-11-18 00:00:00+00:00,5.109,5.17,4.809,5.066,13399363.0
2023-11-19 00:00:00+00:00,5.065,5.251,4.945,5.237,9902283.0
2023-11-20 00:00:00+00:00,5.237,5.366,5.092,5.193,13456440.0
2023-11-21 00:00:00+00:00,5.192,5.276,4.823,4.849,18358329.0
2023-11-22 00:00:00+00:00,4.85,6.3,4.834,6.111,69535054.0
2023-11-23 00:00:00+00:00,6.112,6.449,6.058,6.331,63446940.0
